NR.linie,Serie,Numar document,Data,Data scadenta,Cod tip Factura,Nume partener,Atribut fiscal,Cod fiscal,Nr.Reg.Com.,Rezidenta,Tara,Judet,Localitate,Strada,Numar,Bloc,Scara,Etaj,Apartament,Cod postal,Moneda,Curs,TVA la incasare,Taxare inversa,Factura de transport,Cod agent,Valoare neta totala,Valoare TVA,Total document,Denumire articol,Cantitate,Tip miscare stoc,Cont servicii,Pret de lista,Valoare fara tva,Val TVA,Valoare  cu TVa,Optiune TVA,Cota TVA,Cod TVA SAFT,Observatie,Centre de cost
,FV,7802,20260108,20260108,,SC VALEX  INTERNATIONAL EXIM  SRL,,7487265,,,,,,,,,,,,,RON,,,,,,,,,Servicii vandute,1,,,123.97,,,,TAXABILE,21,,,
,FV,7803,20260108,20260108,,SC ND PHARMA SRL,,22082443,,,,,,,,,,,,,RON,,,,,,,,,Servicii vandute,1,,,148.76,,,,TAXABILE,21,,,
,FV,7804,20260108,20260108,,SC SIDAVAUTO-SERV SRL,,36522269,,,,,,,,,,,,,RON,,,,,,,,,Servicii vandute,1,,,165.29,,,,TAXABILE,21,,,
,FV,7805,20260109,20260109,,SC VALEX  INTERNATIONAL EXIM  SRL,,7487265,,,,,,,,,,,,,RON,,,,,,,,,MARFA 2,1,,,157.02,,,,TAXABILE,21,,,
,FV,7805,20260109,20260109,,SC VALEX  INTERNATIONAL EXIM  SRL,,7487265,,,,,,,,,,,,,RON,,,,,,,,,MARFA 2,1,,,165.29,,,,TAXABILE,21,,,
,FV,7805,20260109,20260109,,SC VALEX  INTERNATIONAL EXIM  SRL,,7487265,,,,,,,,,,,,,RON,,,,,,,,,MARFA 2,1,,,165.29,,,,TAXABILE,21,,,
,FV,7805,20260109,20260109,,SC VALEX  INTERNATIONAL EXIM  SRL,,7487265,,,,,,,,,,,,,RON,,,,,,,,,Servicii vandute,1,,,650.0,,,,TAXABILE,21,,,
,FV,7806,20260109,20260109,,CYBERBREEZE S.R.L.,,48189312,,,,,,,,,,,,,RON,,,,,,,,,MARFA 2,1,,,34.71,,,,TAXABILE,21,,,
,FV,7806,20260109,20260109,,CYBERBREEZE S.R.L.,,48189312,,,,,,,,,,,,,RON,,,,,,,,,MARFA 2,1,,,99.17,,,,TAXABILE,21,,,
,FV,7806,20260109,20260109,,CYBERBREEZE S.R.L.,,48189312,,,,,,,,,,,,,RON,,,,,,,,,MARFA 2,1,,,47.11,,,,TAXABILE,21,,,
,FV,7806,20260109,20260109,,CYBERBREEZE S.R.L.,,48189312,,,,,,,,,,,,,RON,,,,,,,,,MARFA 2,1,,,47.11,,,,TAXABILE,21,,,
,FV,7806,20260109,20260109,,CYBERBREEZE S.R.L.,,48189312,,,,,,,,,,,,,RON,,,,,,,,,MARFA 2,1,,,268.6,,,,TAXABILE,21,,,
,FV,7806,20260109,20260109,,CYBERBREEZE S.R.L.,,48189312,,,,,,,,,,,,,RON,,,,,,,,,MARFA 2,1,,,4.96,,,,TAXABILE,21,,,
,FV,7806,20260109,20260109,,CYBERBREEZE S.R.L.,,48189312,,,,,,,,,,,,,RON,,,,,,,,,Servicii vandute,1,,,150.0,,,,TAXABILE,21,,,
,FV,7806,20260109,20260109,,CYBERBREEZE S.R.L.,,48189312,,,,,,,,,,,,,RON,,,,,,,,,Servicii vandute,1,,,148.76,,,,TAXABILE,21,,,
,FV,7807,20260109,20260109,,ELIOTRAX S.R.L.,,52352328,,,,,,,,,,,,,RON,,,,,,,,,MARFA 2,1,,,756.2,,,,TAXABILE,21,,,
,FV,7807,20260109,20260109,,ELIOTRAX S.R.L.,,52352328,,,,,,,,,,,,,RON,,,,,,,,,Servicii vandute,1,,,150.0,,,,TAXABILE,21,,,
,FV,7808,20260112,20260112,,COLEGIUL TEHNIC DE COMUNICATII N.VASILE KARPEN,,4278310,,,,,,,,,,,,,RON,,,,,,,,,Servicii vandute,1,,,148.76,,,,TAXABILE,21,,,
,FV,7809,20260112,20260112,,SC SSAB  AG  S.A.,,2816022,,,,,,,,,,,,,RON,,,,,,,,,MARFA 2,1,,,904.96,,,,TAXABILE,21,,,
,FV,7809,20260112,20260112,,SC SSAB  AG  S.A.,,2816022,,,,,,,,,,,,,RON,,,,,,,,,Servicii vandute,1,,,350.0,,,,TAXABILE,21,,,
,FV,7810,20260112,20260112,,SC VALEX  INTERNATIONAL EXIM  SRL,,7487265,,,,,,,,,,,,,RON,,,,,,,,,Servicii vandute,1,,,150.0,,,,TAXABILE,21,,,
,FV,7811,20260112,20260112,,SC ETNA SRL,,982231,,,,,,,,,,,,,RON,,,,,,,,,MARFA 1,1,,,252.89,,,,TAXABILE,21,,,
,FV,7811,20260112,20260112,,SC ETNA SRL,,982231,,,,,,,,,,,,,RON,,,,,,,,,MARFA 1,1,,,198.35,,,,TAXABILE,21,,,
,FV,7811,20260112,20260112,,SC ETNA SRL,,982231,,,,,,,,,,,,,RON,,,,,,,,,MARFA 1,1,,,74.38,,,,TAXABILE,21,,,
,FV,7811,20260112,20260112,,SC ETNA SRL,,982231,,,,,,,,,,,,,RON,,,,,,,,,MARFA 1,1,,,173.55,,,,TAXABILE,21,,,
,FV,7811,20260112,20260112,,SC ETNA SRL,,982231,,,,,,,,,,,,,RON,,,,,,,,,MARFA 1,1,,,619.83,,,,TAXABILE,21,,,
,FV,7811,20260112,20260112,,SC ETNA SRL,,982231,,,,,,,,,,,,,RON,,,,,,,,,MARFA 1,1,,,42.15,,,,TAXABILE,21,,,
,FV,7811,20260112,20260112,,SC ETNA SRL,,982231,,,,,,,,,,,,,RON,,,,,,,,,MARFA 1,1,,,211.57,,,,TAXABILE,21,,,
,FV,7811,20260112,20260112,,SC ETNA SRL,,982231,,,,,,,,,,,,,RON,,,,,,,,,MARFA 1,1,,,24.79,,,,TAXABILE,21,,,
,FV,7811,20260112,20260112,,SC ETNA SRL,,982231,,,,,,,,,,,,,RON,,,,,,,,,MARFA 1,1,,,28.93,,,,TAXABILE,21,,,
,FV,7811,20260112,20260112,,SC ETNA SRL,,982231,,,,,,,,,,,,,RON,,,,,,,,,MARFA 1,1,,,34.71,,,,TAXABILE,21,,,
,FV,7811,20260112,20260112,,SC ETNA SRL,,982231,,,,,,,,,,,,,RON,,,,,,,,,MARFA 1,1,,,30.58,,,,TAXABILE,21,,,
,FV,7811,20260112,20260112,,SC ETNA SRL,,982231,,,,,,,,,,,,,RON,,,,,,,,,MARFA 1,1,,,38.02,,,,TAXABILE,21,,,
,FV,7811,20260112,20260112,,SC ETNA SRL,,982231,,,,,,,,,,,,,RON,,,,,,,,,MARFA 1,1,,,35.54,,,,TAXABILE,21,,,
,FV,7811,20260112,20260112,,SC ETNA SRL,,982231,,,,,,,,,,,,,RON,,,,,,,,,MARFA 1,1,,,55.37,,,,TAXABILE,21,,,
,FV,7811,20260112,20260112,,SC ETNA SRL,,982231,,,,,,,,,,,,,RON,,,,,,,,,MARFA 1,1,,,206.61,,,,TAXABILE,21,,,
,FV,7811,20260112,20260112,,SC ETNA SRL,,982231,,,,,,,,,,,,,RON,,,,,,,,,MARFA 1,1,,,177.69,,,,TAXABILE,21,,,
,FV,7811,20260112,20260112,,SC ETNA SRL,,982231,,,,,,,,,,,,,RON,,,,,,,,,MARFA 1,1,,,99.17,,,,TAXABILE,21,,,
,FV,7811,20260112,20260112,,SC ETNA SRL,,982231,,,,,,,,,,,,,RON,,,,,,,,,MARFA 1,1,,,157.02,,,,TAXABILE,21,,,
,FV,7811,20260112,20260112,,SC ETNA SRL,,982231,,,,,,,,,,,,,RON,,,,,,,,,MARFA 1,1,,,123.97,,,,TAXABILE,21,,,
,FV,7811,20260112,20260112,,SC ETNA SRL,,982231,,,,,,,,,,,,,RON,,,,,,,,,MARFA 1,1,,,76.03,,,,TAXABILE,21,,,
,FV,7811,20260112,20260112,,SC ETNA SRL,,982231,,,,,,,,,,,,,RON,,,,,,,,,Servicii vandute,1,,,49.59,,,,TAXABILE,21,,,
,FV,7812,20260113,20260113,,P.F.A. MOVILA ADRIAN,,47204481,,,,,,,,,,,,,RON,,,,,,,,,MARFA 2,1,,,162.81,,,,TAXABILE,21,,,
,FV,7812,20260113,20260113,,P.F.A. MOVILA ADRIAN,,47204481,,,,,,,,,,,,,RON,,,,,,,,,MARFA 2,1,,,49.59,,,,TAXABILE,21,,,
,FV,7812,20260113,20260113,,P.F.A. MOVILA ADRIAN,,47204481,,,,,,,,,,,,,RON,,,,,,,,,MARFA 2,1,,,6.61,,,,TAXABILE,21,,,
,FV,7812,20260113,20260113,,P.F.A. MOVILA ADRIAN,,47204481,,,,,,,,,,,,,RON,,,,,,,,,Servicii vandute,1,,,250.0,,,,TAXABILE,21,,,
,FV,7813,20260113,20260113,,SC SSAB  AG  S.A.,,2816022,,,,,,,,,,,,,RON,,,,,,,,,MARFA 2,1,,,224.79,,,,TAXABILE,21,,,
,FV,7813,20260113,20260113,,SC SSAB  AG  S.A.,,2816022,,,,,,,,,,,,,RON,,,,,,,,,Servicii vandute,1,,,200.0,,,,TAXABILE,21,,,
,FV,7814,20260113,20260113,,SC SSAB  AG  S.A.,,2816022,,,,,,,,,,,,,RON,,,,,,,,,MARFA 2,1,,,400.83,,,,TAXABILE,21,,,
,FV,7814,20260113,20260113,,SC SSAB  AG  S.A.,,2816022,,,,,,,,,,,,,RON,,,,,,,,,Servicii vandute,1,,,300.0,,,,TAXABILE,21,,,
,FV,7815,20260113,20260113,,SC ETNA SRL,,982231,,,,,,,,,,,,,RON,,,,,,,,,MARFA 2,1,,,352.07,,,,TAXABILE,21,,,
,FV,7815,20260113,20260113,,SC ETNA SRL,,982231,,,,,,,,,,,,,RON,,,,,,,,,MARFA 2,1,,,196.69,,,,TAXABILE,21,,,
,FV,7815,20260113,20260113,,SC ETNA SRL,,982231,,,,,,,,,,,,,RON,,,,,,,,,MARFA 2,1,,,85.12,,,,TAXABILE,21,,,
,FV,7815,20260113,20260113,,SC ETNA SRL,,982231,,,,,,,,,,,,,RON,,,,,,,,,MARFA 2,1,,,475.21,,,,TAXABILE,21,,,
,FV,7815,20260113,20260113,,SC ETNA SRL,,982231,,,,,,,,,,,,,RON,,,,,,,,,MARFA 2,1,,,225.62,,,,TAXABILE,21,,,
,FV,7815,20260113,20260113,,SC ETNA SRL,,982231,,,,,,,,,,,,,RON,,,,,,,,,MARFA 2,1,,,173.55,,,,TAXABILE,21,,,
,FV,7815,20260113,20260113,,SC ETNA SRL,,982231,,,,,,,,,,,,,RON,,,,,,,,,MARFA 2,1,,,173.55,,,,TAXABILE,21,,,
,FV,7815,20260113,20260113,,SC ETNA SRL,,982231,,,,,,,,,,,,,RON,,,,,,,,,MARFA 2,1,,,340.5,,,,TAXABILE,21,,,
,FV,7815,20260113,20260113,,SC ETNA SRL,,982231,,,,,,,,,,,,,RON,,,,,,,,,MARFA 2,1,,,486.78,,,,TAXABILE,21,,,
,FV,7815,20260113,20260113,,SC ETNA SRL,,982231,,,,,,,,,,,,,RON,,,,,,,,,MARFA 2,1,,,311.57,,,,TAXABILE,21,,,
,FV,7815,20260113,20260113,,SC ETNA SRL,,982231,,,,,,,,,,,,,RON,,,,,,,,,MARFA 2,1,,,302.48,,,,TAXABILE,21,,,
,FV,7815,20260113,20260113,,SC ETNA SRL,,982231,,,,,,,,,,,,,RON,,,,,,,,,MARFA 2,1,,,39.67,,,,TAXABILE,21,,,
,FV,7815,20260113,20260113,,SC ETNA SRL,,982231,,,,,,,,,,,,,RON,,,,,,,,,Servicii vandute,1,,,66.12,,,,TAXABILE,21,,,
,FV,7816,20260114,20260114,,METRA SA,,955318,,,,,,,,,,,,,RON,,,,,,,,,Servicii vandute,1,,,148.76,,,,TAXABILE,21,,,
,FV,7817,20260114,20260114,,SC EUROTIGLA SRL,,37052165,,,,,,,,,,,,,RON,,,,,,,,,MARFA 2,1,,,28.93,,,,TAXABILE,21,,,
,FV,7817,20260114,20260114,,SC EUROTIGLA SRL,,37052165,,,,,,,,,,,,,RON,,,,,,,,,MARFA 2,1,,,90.91,,,,TAXABILE,21,,,
,FV,7817,20260114,20260114,,SC EUROTIGLA SRL,,37052165,,,,,,,,,,,,,RON,,,,,,,,,MARFA 2,1,,,41.32,,,,TAXABILE,21,,,
,FV,7817,20260114,20260114,,SC EUROTIGLA SRL,,37052165,,,,,,,,,,,,,RON,,,,,,,,,MARFA 2,1,,,210.74,,,,TAXABILE,21,,,
,FV,7817,20260114,20260114,,SC EUROTIGLA SRL,,37052165,,,,,,,,,,,,,RON,,,,,,,,,Servicii vandute,1,,,150.0,,,,TAXABILE,21,,,
,FV,7818,20260114,20260114,,SC SSAB  AG  S.A.,,2816022,,,,,,,,,,,,,RON,,,,,,,,,MARFA 2,1,,,33.06,,,,TAXABILE,21,,,
,FV,7818,20260114,20260114,,SC SSAB  AG  S.A.,,2816022,,,,,,,,,,,,,RON,,,,,,,,,MARFA 2,1,,,47.11,,,,TAXABILE,21,,,
,FV,7818,20260114,20260114,,SC SSAB  AG  S.A.,,2816022,,,,,,,,,,,,,RON,,,,,,,,,MARFA 2,1,,,56.2,,,,TAXABILE,21,,,
,FV,7818,20260114,20260114,,SC SSAB  AG  S.A.,,2816022,,,,,,,,,,,,,RON,,,,,,,,,MARFA 2,1,,,264.46,,,,TAXABILE,21,,,
,FV,7818,20260114,20260114,,SC SSAB  AG  S.A.,,2816022,,,,,,,,,,,,,RON,,,,,,,,,MARFA 2,1,,,214.88,,,,TAXABILE,21,,,
,FV,7818,20260114,20260114,,SC SSAB  AG  S.A.,,2816022,,,,,,,,,,,,,RON,,,,,,,,,Servicii vandute,1,,,250.0,,,,TAXABILE,21,,,
,FV,7819,20260114,20260114,,SC ROUTTE CONSTRUCT SRL,,13761321,,,,,,,,,,,,,RON,,,,,,,,,MARFA 2,1,,,1396.69,,,,TAXABILE,21,,,
,FV,7819,20260114,20260114,,SC ROUTTE CONSTRUCT SRL,,13761321,,,,,,,,,,,,,RON,,,,,,,,,Servicii vandute,1,,,450.0,,,,TAXABILE,21,,,
,FV,7820,20260114,20260114,,ALCORADA SRL,,977170,,,,,,,,,,,,,RON,,,,,,,,,Servicii vandute,1,,,148.76,,,,TAXABILE,21,,,
,FV,7821,20260114,20260114,,SC AARON & MATTEO EXPRESS SRL,,29009555,,,,,,,,,,,,,RON,,,,,,,,,MARFA 1,1,,,194.21,,,,TAXABILE,21,,,
,FV,7821,20260114,20260114,,SC AARON & MATTEO EXPRESS SRL,,29009555,,,,,,,,,,,,,RON,,,,,,,,,MARFA 1,1,,,115.7,,,,TAXABILE,21,,,
,FV,7821,20260114,20260114,,SC AARON & MATTEO EXPRESS SRL,,29009555,,,,,,,,,,,,,RON,,,,,,,,,MARFA 1,1,,,66.12,,,,TAXABILE,21,,,
,FV,7821,20260114,20260114,,SC AARON & MATTEO EXPRESS SRL,,29009555,,,,,,,,,,,,,RON,,,,,,,,,MARFA 1,1,,,61.98,,,,TAXABILE,21,,,
,FV,7821,20260114,20260114,,SC AARON & MATTEO EXPRESS SRL,,29009555,,,,,,,,,,,,,RON,,,,,,,,,MARFA 1,1,,,471.9,,,,TAXABILE,21,,,
,FV,7821,20260114,20260114,,SC AARON & MATTEO EXPRESS SRL,,29009555,,,,,,,,,,,,,RON,,,,,,,,,MARFA 1,1,,,659.5,,,,TAXABILE,21,,,
,FV,7821,20260114,20260114,,SC AARON & MATTEO EXPRESS SRL,,29009555,,,,,,,,,,,,,RON,,,,,,,,,MARFA 1,1,,,215.7,,,,TAXABILE,21,,,
,FV,7821,20260114,20260114,,SC AARON & MATTEO EXPRESS SRL,,29009555,,,,,,,,,,,,,RON,,,,,,,,,MARFA 1,1,,,117.36,,,,TAXABILE,21,,,
,FV,7821,20260114,20260114,,SC AARON & MATTEO EXPRESS SRL,,29009555,,,,,,,,,,,,,RON,,,,,,,,,MARFA 1,1,,,395.87,,,,TAXABILE,21,,,
,FV,7821,20260114,20260114,,SC AARON & MATTEO EXPRESS SRL,,29009555,,,,,,,,,,,,,RON,,,,,,,,,MARFA 1,1,,,76.03,,,,TAXABILE,21,,,
,FV,7821,20260114,20260114,,SC AARON & MATTEO EXPRESS SRL,,29009555,,,,,,,,,,,,,RON,,,,,,,,,MARFA 1,1,,,65.29,,,,TAXABILE,21,,,
,FV,7821,20260114,20260114,,SC AARON & MATTEO EXPRESS SRL,,29009555,,,,,,,,,,,,,RON,,,,,,,,,Servicii vandute,1,,,49.59,,,,TAXABILE,21,,,
,FV,7822,20260114,20260114,,SANROTEX TRADING SRL,,32163740,,,,,,,,,,,,,RON,,,,,,,,,MARFA 1,1,,,90.91,,,,TAXABILE,21,,,
,FV,7822,20260114,20260114,,SANROTEX TRADING SRL,,32163740,,,,,,,,,,,,,RON,,,,,,,,,MARFA 1,1,,,181.82,,,,TAXABILE,21,,,
,FV,7822,20260114,20260114,,SANROTEX TRADING SRL,,32163740,,,,,,,,,,,,,RON,,,,,,,,,MARFA 1,1,,,24.79,,,,TAXABILE,21,,,
,FV,7822,20260114,20260114,,SANROTEX TRADING SRL,,32163740,,,,,,,,,,,,,RON,,,,,,,,,MARFA 1,1,,,37.19,,,,TAXABILE,21,,,
,FV,7822,20260114,20260114,,SANROTEX TRADING SRL,,32163740,,,,,,,,,,,,,RON,,,,,,,,,MARFA 1,1,,,52.07,,,,TAXABILE,21,,,
,FV,7822,20260114,20260114,,SANROTEX TRADING SRL,,32163740,,,,,,,,,,,,,RON,,,,,,,,,MARFA 1,1,,,208.26,,,,TAXABILE,21,,,
,FV,7822,20260114,20260114,,SANROTEX TRADING SRL,,32163740,,,,,,,,,,,,,RON,,,,,,,,,Servicii vandute,1,,,400.0,,,,TAXABILE,21,,,
,FV,7823,20260114,20260114,,SC BO-AMA IMPEX SRL,,8336171,,,,,,,,,,,,,RON,,,,,,,,,MARFA 2,1,,,232.23,,,,TAXABILE,21,,,
,FV,7823,20260114,20260114,,SC BO-AMA IMPEX SRL,,8336171,,,,,,,,,,,,,RON,,,,,,,,,MARFA 2,1,,,355.37,,,,TAXABILE,21,,,
,FV,7823,20260114,20260114,,SC BO-AMA IMPEX SRL,,8336171,,,,,,,,,,,,,RON,,,,,,,,,MARFA 2,1,,,224.79,,,,TAXABILE,21,,,
,FV,7823,20260114,20260114,,SC BO-AMA IMPEX SRL,,8336171,,,,,,,,,,,,,RON,,,,,,,,,MARFA 2,1,,,224.79,,,,TAXABILE,21,,,
,FV,7823,20260114,20260114,,SC BO-AMA IMPEX SRL,,8336171,,,,,,,,,,,,,RON,,,,,,,,,MARFA 2,1,,,672.73,,,,TAXABILE,21,,,
,FV,7823,20260114,20260114,,SC BO-AMA IMPEX SRL,,8336171,,,,,,,,,,,,,RON,,,,,,,,,MARFA 2,1,,,181.82,,,,TAXABILE,21,,,
,FV,7823,20260114,20260114,,SC BO-AMA IMPEX SRL,,8336171,,,,,,,,,,,,,RON,,,,,,,,,MARFA 2,1,,,87.6,,,,TAXABILE,21,,,
,FV,7823,20260114,20260114,,SC BO-AMA IMPEX SRL,,8336171,,,,,,,,,,,,,RON,,,,,,,,,MARFA 2,1,,,180.17,,,,TAXABILE,21,,,
,FV,7823,20260114,20260114,,SC BO-AMA IMPEX SRL,,8336171,,,,,,,,,,,,,RON,,,,,,,,,MARFA 2,1,,,268.6,,,,TAXABILE,21,,,
,FV,7823,20260114,20260114,,SC BO-AMA IMPEX SRL,,8336171,,,,,,,,,,,,,RON,,,,,,,,,MARFA 2,1,,,42.15,,,,TAXABILE,21,,,
,FV,7823,20260114,20260114,,SC BO-AMA IMPEX SRL,,8336171,,,,,,,,,,,,,RON,,,,,,,,,MARFA 2,1,,,33.88,,,,TAXABILE,21,,,
,FV,7823,20260114,20260114,,SC BO-AMA IMPEX SRL,,8336171,,,,,,,,,,,,,RON,,,,,,,,,MARFA 2,1,,,270.25,,,,TAXABILE,21,,,
,FV,7823,20260114,20260114,,SC BO-AMA IMPEX SRL,,8336171,,,,,,,,,,,,,RON,,,,,,,,,MARFA 2,1,,,28.1,,,,TAXABILE,21,,,
,FV,7823,20260114,20260114,,SC BO-AMA IMPEX SRL,,8336171,,,,,,,,,,,,,RON,,,,,,,,,MARFA 2,1,,,413.22,,,,TAXABILE,21,,,
,FV,7823,20260114,20260114,,SC BO-AMA IMPEX SRL,,8336171,,,,,,,,,,,,,RON,,,,,,,,,MARFA 2,1,,,16.53,,,,TAXABILE,21,,,
,FV,7823,20260114,20260114,,SC BO-AMA IMPEX SRL,,8336171,,,,,,,,,,,,,RON,,,,,,,,,MARFA 2,1,,,17.36,,,,TAXABILE,21,,,
,FV,7823,20260114,20260114,,SC BO-AMA IMPEX SRL,,8336171,,,,,,,,,,,,,RON,,,,,,,,,MARFA 2,1,,,17.36,,,,TAXABILE,21,,,
,FV,7823,20260114,20260114,,SC BO-AMA IMPEX SRL,,8336171,,,,,,,,,,,,,RON,,,,,,,,,MARFA 2,1,,,18.18,,,,TAXABILE,21,,,
,FV,7823,20260114,20260114,,SC BO-AMA IMPEX SRL,,8336171,,,,,,,,,,,,,RON,,,,,,,,,Servicii vandute,1,,,66.12,,,,TAXABILE,21,,,
,FV,7824,20260115,20260115,,SC ROUTTE CONSTRUCT SRL,,13761321,,,,,,,,,,,,,RON,,,,,,,,,MARFA 2,1,,,36.36,,,,TAXABILE,21,,,
,FV,7824,20260115,20260115,,SC ROUTTE CONSTRUCT SRL,,13761321,,,,,,,,,,,,,RON,,,,,,,,,MARFA 2,1,,,202.48,,,,TAXABILE,21,,,
,FV,7824,20260115,20260115,,SC ROUTTE CONSTRUCT SRL,,13761321,,,,,,,,,,,,,RON,,,,,,,,,MARFA 2,1,,,53.72,,,,TAXABILE,21,,,
,FV,7824,20260115,20260115,,SC ROUTTE CONSTRUCT SRL,,13761321,,,,,,,,,,,,,RON,,,,,,,,,MARFA 2,1,,,41.32,,,,TAXABILE,21,,,
,FV,7824,20260115,20260115,,SC ROUTTE CONSTRUCT SRL,,13761321,,,,,,,,,,,,,RON,,,,,,,,,MARFA 2,1,,,210.74,,,,TAXABILE,21,,,
,FV,7824,20260115,20260115,,SC ROUTTE CONSTRUCT SRL,,13761321,,,,,,,,,,,,,RON,,,,,,,,,MARFA 2,1,,,52.07,,,,TAXABILE,21,,,
,FV,7824,20260115,20260115,,SC ROUTTE CONSTRUCT SRL,,13761321,,,,,,,,,,,,,RON,,,,,,,,,MARFA 2,1,,,264.46,,,,TAXABILE,21,,,
,FV,7824,20260115,20260115,,SC ROUTTE CONSTRUCT SRL,,13761321,,,,,,,,,,,,,RON,,,,,,,,,Servicii vandute,1,,,250.0,,,,TAXABILE,21,,,
,FV,7825,20260115,20260115,,SC ETNA SRL,,982231,,,,,,,,,,,,,RON,,,,,,,,,MARFA 2,1,,,818.18,,,,TAXABILE,21,,,
,FV,7825,20260115,20260115,,SC ETNA SRL,,982231,,,,,,,,,,,,,RON,,,,,,,,,MARFA 2,1,,,380.99,,,,TAXABILE,21,,,
,FV,7825,20260115,20260115,,SC ETNA SRL,,982231,,,,,,,,,,,,,RON,,,,,,,,,MARFA 2,1,,,233.06,,,,TAXABILE,21,,,
,FV,7825,20260115,20260115,,SC ETNA SRL,,982231,,,,,,,,,,,,,RON,,,,,,,,,MARFA 2,1,,,68.6,,,,TAXABILE,21,,,
,FV,7825,20260115,20260115,,SC ETNA SRL,,982231,,,,,,,,,,,,,RON,,,,,,,,,MARFA 2,1,,,242.98,,,,TAXABILE,21,,,
,FV,7825,20260115,20260115,,SC ETNA SRL,,982231,,,,,,,,,,,,,RON,,,,,,,,,MARFA 2,1,,,167.77,,,,TAXABILE,21,,,
,FV,7825,20260115,20260115,,SC ETNA SRL,,982231,,,,,,,,,,,,,RON,,,,,,,,,MARFA 2,1,,,22.31,,,,TAXABILE,21,,,
,FV,7825,20260115,20260115,,SC ETNA SRL,,982231,,,,,,,,,,,,,RON,,,,,,,,,MARFA 2,1,,,65.29,,,,TAXABILE,21,,,
,FV,7825,20260115,20260115,,SC ETNA SRL,,982231,,,,,,,,,,,,,RON,,,,,,,,,MARFA 2,1,,,41.32,,,,TAXABILE,21,,,
,FV,7825,20260115,20260115,,SC ETNA SRL,,982231,,,,,,,,,,,,,RON,,,,,,,,,MARFA 2,1,,,122.31,,,,TAXABILE,21,,,
,FV,7825,20260115,20260115,,SC ETNA SRL,,982231,,,,,,,,,,,,,RON,,,,,,,,,MARFA 2,1,,,177.69,,,,TAXABILE,21,,,
,FV,7825,20260115,20260115,,SC ETNA SRL,,982231,,,,,,,,,,,,,RON,,,,,,,,,MARFA 2,1,,,59.5,,,,TAXABILE,21,,,
,FV,7825,20260115,20260115,,SC ETNA SRL,,982231,,,,,,,,,,,,,RON,,,,,,,,,MARFA 2,1,,,14.88,,,,TAXABILE,21,,,
,FV,7825,20260115,20260115,,SC ETNA SRL,,982231,,,,,,,,,,,,,RON,,,,,,,,,MARFA 2,1,,,24.79,,,,TAXABILE,21,,,
,FV,7825,20260115,20260115,,SC ETNA SRL,,982231,,,,,,,,,,,,,RON,,,,,,,,,Servicii vandute,1,,,49.59,,,,TAXABILE,21,,,
,FV,7826,20260116,20260116,,SC UTIL S.P.C SRL,,1285275,,,,,,,,,,,,,RON,,,,,,,,,MARFA 2,1,,,28.93,,,,TAXABILE,21,,,
,FV,7826,20260116,20260116,,SC UTIL S.P.C SRL,,1285275,,,,,,,,,,,,,RON,,,,,,,,,MARFA 2,1,,,247.93,,,,TAXABILE,21,,,
,FV,7826,20260116,20260116,,SC UTIL S.P.C SRL,,1285275,,,,,,,,,,,,,RON,,,,,,,,,MARFA 2,1,,,42.98,,,,TAXABILE,21,,,
,FV,7826,20260116,20260116,,SC UTIL S.P.C SRL,,1285275,,,,,,,,,,,,,RON,,,,,,,,,MARFA 2,1,,,66.12,,,,TAXABILE,21,,,
,FV,7826,20260116,20260116,,SC UTIL S.P.C SRL,,1285275,,,,,,,,,,,,,RON,,,,,,,,,MARFA 2,1,,,221.49,,,,TAXABILE,21,,,
,FV,7826,20260116,20260116,,SC UTIL S.P.C SRL,,1285275,,,,,,,,,,,,,RON,,,,,,,,,MARFA 2,1,,,99.17,,,,TAXABILE,21,,,
,FV,7826,20260116,20260116,,SC UTIL S.P.C SRL,,1285275,,,,,,,,,,,,,RON,,,,,,,,,MARFA 2,1,,,9.92,,,,TAXABILE,21,,,
,FV,7826,20260116,20260116,,SC UTIL S.P.C SRL,,1285275,,,,,,,,,,,,,RON,,,,,,,,,Servicii vandute,1,,,200.0,,,,TAXABILE,21,,,
,FV,7827,20260116,20260116,,SC SSAB  AG  S.A.,,2816022,,,,,,,,,,,,,RON,,,,,,,,,MARFA 2,1,,,46.28,,,,TAXABILE,21,,,
,FV,7827,20260116,20260116,,SC SSAB  AG  S.A.,,2816022,,,,,,,,,,,,,RON,,,,,,,,,MARFA 2,1,,,107.44,,,,TAXABILE,21,,,
,FV,7827,20260116,20260116,,SC SSAB  AG  S.A.,,2816022,,,,,,,,,,,,,RON,,,,,,,,,MARFA 2,1,,,74.38,,,,TAXABILE,21,,,
,FV,7827,20260116,20260116,,SC SSAB  AG  S.A.,,2816022,,,,,,,,,,,,,RON,,,,,,,,,MARFA 2,1,,,66.12,,,,TAXABILE,21,,,
,FV,7827,20260116,20260116,,SC SSAB  AG  S.A.,,2816022,,,,,,,,,,,,,RON,,,,,,,,,MARFA 2,1,,,429.75,,,,TAXABILE,21,,,
,FV,7827,20260116,20260116,,SC SSAB  AG  S.A.,,2816022,,,,,,,,,,,,,RON,,,,,,,,,MARFA 2,1,,,8.26,,,,TAXABILE,21,,,
,FV,7827,20260116,20260116,,SC SSAB  AG  S.A.,,2816022,,,,,,,,,,,,,RON,,,,,,,,,Servicii vandute,1,,,200.0,,,,TAXABILE,21,,,
,FV,7828,20260116,20260116,,SC DISTINCT RETAIL SRL,,43246026,,,,,,,,,,,,,RON,,,,,,,,,MARFA 2,1,,,413.22,,,,TAXABILE,21,,,
,FV,7828,20260116,20260116,,SC DISTINCT RETAIL SRL,,43246026,,,,,,,,,,,,,RON,,,,,,,,,Servicii vandute,1,,,250.0,,,,TAXABILE,21,,,
,FV,7829,20260116,20260116,,SC MOLDOGLASS SRL,,9978390,,,,,,,,,,,,,RON,,,,,,,,,MARFA 2,1,,,41.32,,,,TAXABILE,21,,,
,FV,7829,20260116,20260116,,SC MOLDOGLASS SRL,,9978390,,,,,,,,,,,,,RON,,,,,,,,,MARFA 2,1,,,59.5,,,,TAXABILE,21,,,
,FV,7829,20260116,20260116,,SC MOLDOGLASS SRL,,9978390,,,,,,,,,,,,,RON,,,,,,,,,MARFA 2,1,,,47.11,,,,TAXABILE,21,,,
,FV,7829,20260116,20260116,,SC MOLDOGLASS SRL,,9978390,,,,,,,,,,,,,RON,,,,,,,,,MARFA 2,1,,,262.81,,,,TAXABILE,21,,,
,FV,7829,20260116,20260116,,SC MOLDOGLASS SRL,,9978390,,,,,,,,,,,,,RON,,,,,,,,,MARFA 2,1,,,63.64,,,,TAXABILE,21,,,
,FV,7829,20260116,20260116,,SC MOLDOGLASS SRL,,9978390,,,,,,,,,,,,,RON,,,,,,,,,MARFA 2,1,,,16.53,,,,TAXABILE,21,,,
,FV,7829,20260116,20260116,,SC MOLDOGLASS SRL,,9978390,,,,,,,,,,,,,RON,,,,,,,,,Servicii vandute,1,,,200.0,,,,TAXABILE,21,,,
,FV,7830,20260119,20260119,,SC CADSYSTEM 3D SRL,,37417733,,,,,,,,,,,,,RON,,,,,,,,,Servicii vandute,1,,,148.76,,,,TAXABILE,21,,,
,FV,7831,20260119,20260119,,SC ND PHARMA SRL,,22082443,,,,,,,,,,,,,RON,,,,,,,,,Servicii vandute,1,,,148.76,,,,TAXABILE,21,,,
,FV,7832,20260119,20260119,,SC VINEY CORPORATION EAST EUROPE SRL,,33990311,,,,,,,,,,,,,RON,,,,,,,,,Servicii vandute,1,,,120.0,,,,TAXABILE,21,,,
,FV,7833,20260119,20260119,,SC BEST TEAM ASSISTANCE SRL,,33469462,,,,,,,,,,,,,RON,,,,,,,,,Servicii vandute,1,,,200.0,,,,TAXABILE,21,,,
,FV,7834,20260119,20260119,,SANROTEX TRADING SRL,,32163740,,,,,,,,,,,,,RON,,,,,,,,,Servicii vandute,1,,,100.0,,,,TAXABILE,21,,,
,FV,7835,20260119,20260119,,SC ADONIS SRL,,946085,,,,,,,,,,,,,RON,,,,,,,,,MARFA 2,1,,,95.04,,,,TAXABILE,21,,,
,FV,7835,20260119,20260119,,SC ADONIS SRL,,946085,,,,,,,,,,,,,RON,,,,,,,,,Servicii vandute,1,,,150.0,,,,TAXABILE,21,,,
,FV,7836,20260119,20260119,,SC LUCS IMPEX SRL,,9650007,,,,,,,,,,,,,RON,,,,,,,,,MARFA 2,1,,,26.45,,,,TAXABILE,21,,,
,FV,7836,20260119,20260119,,SC LUCS IMPEX SRL,,9650007,,,,,,,,,,,,,RON,,,,,,,,,MARFA 2,1,,,37.19,,,,TAXABILE,21,,,
,FV,7836,20260119,20260119,,SC LUCS IMPEX SRL,,9650007,,,,,,,,,,,,,RON,,,,,,,,,MARFA 2,1,,,34.71,,,,TAXABILE,21,,,
,FV,7836,20260119,20260119,,SC LUCS IMPEX SRL,,9650007,,,,,,,,,,,,,RON,,,,,,,,,MARFA 2,1,,,31.4,,,,TAXABILE,21,,,
,FV,7836,20260119,20260119,,SC LUCS IMPEX SRL,,9650007,,,,,,,,,,,,,RON,,,,,,,,,MARFA 2,1,,,165.29,,,,TAXABILE,21,,,
,FV,7836,20260119,20260119,,SC LUCS IMPEX SRL,,9650007,,,,,,,,,,,,,RON,,,,,,,,,MARFA 2,1,,,1.65,,,,TAXABILE,21,,,
,FV,7836,20260119,20260119,,SC LUCS IMPEX SRL,,9650007,,,,,,,,,,,,,RON,,,,,,,,,Servicii vandute,1,,,450.0,,,,TAXABILE,21,,,
,FV,7837,20260119,20260119,,O.M.C. IMPEX SRL,,17377928,,,,,,,,,,,,,RON,,,,,,,,,MARFA 1,1,,,2231.4,,,,TAXABILE,21,,,
,FV,7837,20260119,20260119,,O.M.C. IMPEX SRL,,17377928,,,,,,,,,,,,,RON,,,,,,,,,MARFA 1,1,,,24.79,,,,TAXABILE,21,,,
,FV,7837,20260119,20260119,,O.M.C. IMPEX SRL,,17377928,,,,,,,,,,,,,RON,,,,,,,,,MARFA 1,1,,,463.64,,,,TAXABILE,21,,,
,FV,7837,20260119,20260119,,O.M.C. IMPEX SRL,,17377928,,,,,,,,,,,,,RON,,,,,,,,,MARFA 1,1,,,224.79,,,,TAXABILE,21,,,
,FV,7837,20260119,20260119,,O.M.C. IMPEX SRL,,17377928,,,,,,,,,,,,,RON,,,,,,,,,MARFA 1,1,,,140.5,,,,TAXABILE,21,,,
,FV,7837,20260119,20260119,,O.M.C. IMPEX SRL,,17377928,,,,,,,,,,,,,RON,,,,,,,,,MARFA 1,1,,,128.93,,,,TAXABILE,21,,,
,FV,7837,20260119,20260119,,O.M.C. IMPEX SRL,,17377928,,,,,,,,,,,,,RON,,,,,,,,,MARFA 1,1,,,201.65,,,,TAXABILE,21,,,
,FV,7837,20260119,20260119,,O.M.C. IMPEX SRL,,17377928,,,,,,,,,,,,,RON,,,,,,,,,MARFA 1,1,,,357.85,,,,TAXABILE,21,,,
,FV,7837,20260119,20260119,,O.M.C. IMPEX SRL,,17377928,,,,,,,,,,,,,RON,,,,,,,,,Servicii vandute,1,,,49.59,,,,TAXABILE,21,,,
,FV,7838,20260119,20260119,,REGISTRUL AUTO ROMAN RA,,1590236,,,,,,,,,,,,,RON,,,,,,,,,MARFA 2,1,,,43.8,,,,TAXABILE,21,,,
,FV,7838,20260119,20260119,,REGISTRUL AUTO ROMAN RA,,1590236,,,,,,,,,,,,,RON,,,,,,,,,MARFA 2,1,,,79.34,,,,TAXABILE,21,,,
,FV,7838,20260119,20260119,,REGISTRUL AUTO ROMAN RA,,1590236,,,,,,,,,,,,,RON,,,,,,,,,MARFA 2,1,,,61.98,,,,TAXABILE,21,,,
,FV,7838,20260119,20260119,,REGISTRUL AUTO ROMAN RA,,1590236,,,,,,,,,,,,,RON,,,,,,,,,MARFA 2,1,,,45.45,,,,TAXABILE,21,,,
,FV,7838,20260119,20260119,,REGISTRUL AUTO ROMAN RA,,1590236,,,,,,,,,,,,,RON,,,,,,,,,MARFA 2,1,,,217.36,,,,TAXABILE,21,,,
,FV,7838,20260119,20260119,,REGISTRUL AUTO ROMAN RA,,1590236,,,,,,,,,,,,,RON,,,,,,,,,MARFA 2,1,,,4.96,,,,TAXABILE,21,,,
,FV,7838,20260119,20260119,,REGISTRUL AUTO ROMAN RA,,1590236,,,,,,,,,,,,,RON,,,,,,,,,MARFA 2,1,,,99.17,,,,TAXABILE,21,,,
,FV,7838,20260119,20260119,,REGISTRUL AUTO ROMAN RA,,1590236,,,,,,,,,,,,,RON,,,,,,,,,MARFA 2,1,,,28.93,,,,TAXABILE,21,,,
,FV,7838,20260119,20260119,,REGISTRUL AUTO ROMAN RA,,1590236,,,,,,,,,,,,,RON,,,,,,,,,MARFA 2,1,,,49.59,,,,TAXABILE,21,,,
,FV,7838,20260119,20260119,,REGISTRUL AUTO ROMAN RA,,1590236,,,,,,,,,,,,,RON,,,,,,,,,Servicii vandute,1,,,250.0,,,,TAXABILE,21,,,
,FV,7839,20260120,20260120,,SC FIBROMAR SRL,,13100478,,,,,,,,,,,,,RON,,,,,,,,,MARFA 1,1,,,629.75,,,,TAXABILE,21,,,
,FV,7839,20260120,20260120,,SC FIBROMAR SRL,,13100478,,,,,,,,,,,,,RON,,,,,,,,,MARFA 1,1,,,231.4,,,,TAXABILE,21,,,
,FV,7839,20260120,20260120,,SC FIBROMAR SRL,,13100478,,,,,,,,,,,,,RON,,,,,,,,,MARFA 1,1,,,2107.44,,,,TAXABILE,21,,,
,FV,7839,20260120,20260120,,SC FIBROMAR SRL,,13100478,,,,,,,,,,,,,RON,,,,,,,,,MARFA 1,1,,,586.78,,,,TAXABILE,21,,,
,FV,7839,20260120,20260120,,SC FIBROMAR SRL,,13100478,,,,,,,,,,,,,RON,,,,,,,,,MARFA 2,1,,,500.0,,,,TAXABILE,21,,,
,FV,7839,20260120,20260120,,SC FIBROMAR SRL,,13100478,,,,,,,,,,,,,RON,,,,,,,,,MARFA 1,1,,,175.21,,,,TAXABILE,21,,,
,FV,7839,20260120,20260120,,SC FIBROMAR SRL,,13100478,,,,,,,,,,,,,RON,,,,,,,,,MARFA 1,1,,,72.73,,,,TAXABILE,21,,,
,FV,7839,20260120,20260120,,SC FIBROMAR SRL,,13100478,,,,,,,,,,,,,RON,,,,,,,,,MARFA 1,1,,,206.61,,,,TAXABILE,21,,,
,FV,7839,20260120,20260120,,SC FIBROMAR SRL,,13100478,,,,,,,,,,,,,RON,,,,,,,,,MARFA 1,1,,,20.66,,,,TAXABILE,21,,,
,FV,7839,20260120,20260120,,SC FIBROMAR SRL,,13100478,,,,,,,,,,,,,RON,,,,,,,,,MARFA 1,1,,,20.66,,,,TAXABILE,21,,,
,FV,7839,20260120,20260120,,SC FIBROMAR SRL,,13100478,,,,,,,,,,,,,RON,,,,,,,,,MARFA 1,1,,,595.04,,,,TAXABILE,21,,,
,FV,7839,20260120,20260120,,SC FIBROMAR SRL,,13100478,,,,,,,,,,,,,RON,,,,,,,,,MARFA 1,1,,,33.06,,,,TAXABILE,21,,,
,FV,7839,20260120,20260120,,SC FIBROMAR SRL,,13100478,,,,,,,,,,,,,RON,,,,,,,,,MARFA 1,1,,,20.66,,,,TAXABILE,21,,,
,FV,7839,20260120,20260120,,SC FIBROMAR SRL,,13100478,,,,,,,,,,,,,RON,,,,,,,,,MARFA 1,1,,,109.09,,,,TAXABILE,21,,,
,FV,7839,20260120,20260120,,SC FIBROMAR SRL,,13100478,,,,,,,,,,,,,RON,,,,,,,,,MARFA 1,1,,,4.13,,,,TAXABILE,21,,,
,FV,7839,20260120,20260120,,SC FIBROMAR SRL,,13100478,,,,,,,,,,,,,RON,,,,,,,,,MARFA 1,1,,,33.06,,,,TAXABILE,21,,,
,FV,7839,20260120,20260120,,SC FIBROMAR SRL,,13100478,,,,,,,,,,,,,RON,,,,,,,,,MARFA 1,1,,,30.58,,,,TAXABILE,21,,,
,FV,7839,20260120,20260120,,SC FIBROMAR SRL,,13100478,,,,,,,,,,,,,RON,,,,,,,,,MARFA 1,1,,,47.93,,,,TAXABILE,21,,,
,FV,7839,20260120,20260120,,SC FIBROMAR SRL,,13100478,,,,,,,,,,,,,RON,,,,,,,,,MARFA 1,1,,,145.45,,,,TAXABILE,21,,,
,FV,7839,20260120,20260120,,SC FIBROMAR SRL,,13100478,,,,,,,,,,,,,RON,,,,,,,,,MARFA 1,1,,,49.59,,,,TAXABILE,21,,,
,FV,7840,20260120,20260120,,SC VALEX  INTERNATIONAL EXIM  SRL,,7487265,,,,,,,,,,,,,RON,,,,,,,,,Servicii vandute,1,,,148.76,,,,TAXABILE,21,,,
,FV,7841,20260120,20260120,,SC ND PHARMA SRL,,22082443,,,,,,,,,,,,,RON,,,,,,,,,Servicii vandute,1,,,148.76,,,,TAXABILE,21,,,
,FV,7842,20260120,20260120,,SC RETTUNGS GALL SRL,,44432400,,,,,,,,,,,,,RON,,,,,,,,,MARFA 2,1,,,24.79,,,,TAXABILE,21,,,
,FV,7842,20260120,20260120,,SC RETTUNGS GALL SRL,,44432400,,,,,,,,,,,,,RON,,,,,,,,,MARFA 2,1,,,59.5,,,,TAXABILE,21,,,
,FV,7842,20260120,20260120,,SC RETTUNGS GALL SRL,,44432400,,,,,,,,,,,,,RON,,,,,,,,,MARFA 2,1,,,47.93,,,,TAXABILE,21,,,
,FV,7842,20260120,20260120,,SC RETTUNGS GALL SRL,,44432400,,,,,,,,,,,,,RON,,,,,,,,,MARFA 2,1,,,61.98,,,,TAXABILE,21,,,
,FV,7842,20260120,20260120,,SC RETTUNGS GALL SRL,,44432400,,,,,,,,,,,,,RON,,,,,,,,,MARFA 2,1,,,165.29,,,,TAXABILE,21,,,
,FV,7842,20260120,20260120,,SC RETTUNGS GALL SRL,,44432400,,,,,,,,,,,,,RON,,,,,,,,,Servicii vandute,1,,,400.0,,,,TAXABILE,21,,,
,FV,7843,20260120,20260120,,SANROTEX TRADING SRL,,32163740,,,,,,,,,,,,,RON,,,,,,,,,Servicii vandute,1,,,123.97,,,,TAXABILE,21,,,
,FV,7843,20260120,20260120,,SANROTEX TRADING SRL,,32163740,,,,,,,,,,,,,RON,,,,,,,,,Servicii vandute,1,,,24.79,,,,TAXABILE,21,,,
,FV,7844,20260121,20260121,,SC ELANTIS COURIER SRL,,36984055,,,,,,,,,,,,,RON,,,,,,,,,Servicii vandute,1,,,148.76,,,,TAXABILE,21,,,
,FV,7844,20260121,20260121,,SC ELANTIS COURIER SRL,,36984055,,,,,,,,,,,,,RON,,,,,,,,,Servicii vandute,1,,,33.06,,,,TAXABILE,21,,,
,FV,7845,20260121,20260121,,SC ROUTTE CONSTRUCT SRL,,13761321,,,,,,,,,,,,,RON,,,,,,,,,Servicii vandute,1,,,148.76,,,,TAXABILE,21,,,
,FV,7846,20260121,20260121,,SC ELIADEN FADM SRL,,48433270,,,,,,,,,,,,,RON,,,,,,,,,MARFA 2,1,,,421.49,,,,TAXABILE,21,,,
,FV,7846,20260121,20260121,,SC ELIADEN FADM SRL,,48433270,,,,,,,,,,,,,RON,,,,,,,,,MARFA 2,1,,,175.21,,,,TAXABILE,21,,,
,FV,7846,20260121,20260121,,SC ELIADEN FADM SRL,,48433270,,,,,,,,,,,,,RON,,,,,,,,,MARFA 2,1,,,525.62,,,,TAXABILE,21,,,
,FV,7846,20260121,20260121,,SC ELIADEN FADM SRL,,48433270,,,,,,,,,,,,,RON,,,,,,,,,MARFA 2,1,,,85.12,,,,TAXABILE,21,,,
,FV,7846,20260121,20260121,,SC ELIADEN FADM SRL,,48433270,,,,,,,,,,,,,RON,,,,,,,,,MARFA 2,1,,,1123.97,,,,TAXABILE,21,,,
,FV,7846,20260121,20260121,,SC ELIADEN FADM SRL,,48433270,,,,,,,,,,,,,RON,,,,,,,,,MARFA 2,1,,,59.5,,,,TAXABILE,21,,,
,FV,7846,20260121,20260121,,SC ELIADEN FADM SRL,,48433270,,,,,,,,,,,,,RON,,,,,,,,,MARFA 2,1,,,138.02,,,,TAXABILE,21,,,
,FV,7846,20260121,20260121,,SC ELIADEN FADM SRL,,48433270,,,,,,,,,,,,,RON,,,,,,,,,MARFA 2,1,,,228.1,,,,TAXABILE,21,,,
,FV,7846,20260121,20260121,,SC ELIADEN FADM SRL,,48433270,,,,,,,,,,,,,RON,,,,,,,,,MARFA 2,1,,,119.83,,,,TAXABILE,21,,,
,FV,7846,20260121,20260121,,SC ELIADEN FADM SRL,,48433270,,,,,,,,,,,,,RON,,,,,,,,,MARFA 2,1,,,210.74,,,,TAXABILE,21,,,
,FV,7846,20260121,20260121,,SC ELIADEN FADM SRL,,48433270,,,,,,,,,,,,,RON,,,,,,,,,MARFA 2,1,,,128.1,,,,TAXABILE,21,,,
,FV,7846,20260121,20260121,,SC ELIADEN FADM SRL,,48433270,,,,,,,,,,,,,RON,,,,,,,,,MARFA 2,1,,,82.64,,,,TAXABILE,21,,,
,FV,7846,20260121,20260121,,SC ELIADEN FADM SRL,,48433270,,,,,,,,,,,,,RON,,,,,,,,,Servicii vandute,1,,,66.12,,,,TAXABILE,21,,,
,FV,7847,20260122,20260122,,TRIP SRL,,8446450,,,,,,,,,,,,,RON,,,,,,,,,Servicii vandute,1,,,123.97,,,,TAXABILE,21,,,
,FV,7847,20260122,20260122,,TRIP SRL,,8446450,,,,,,,,,,,,,RON,,,,,,,,,Servicii vandute,1,,,24.79,,,,TAXABILE,21,,,
,FV,7848,20260122,20260122,,SC SSAB  AG  S.A.,,2816022,,,,,,,,,,,,,RON,,,,,,,,,Servicii vandute,1,,,500.0,,,,TAXABILE,21,,,
,FV,7849,20260122,20260122,,CABINET STOMATOLOGIC DR. ROXANA BUTINCU SRL,,37091520,,,,,,,,,,,,,RON,,,,,,,,,Servicii vandute,1,,,148.76,,,,TAXABILE,21,,,
,FV,7850,20260122,20260122,,SC MAGOT SRL,,17277147,,,,,,,,,,,,,RON,,,,,,,,,Servicii vandute,1,,,-250.0,,,,TAXABILE,21,,,
,FV,7851,20260122,20260122,,SC MAGOT SRL,,17277147,,,,,,,,,,,,,RON,,,,,,,,,MARFA 2,1,,,-65.55,,,,TAXABILE,21,,,
,FV,7851,20260122,20260122,,SC MAGOT SRL,,17277147,,,,,,,,,,,,,RON,,,,,,,,,MARFA 2,1,,,-208.4,,,,TAXABILE,21,,,
,FV,7851,20260122,20260122,,SC MAGOT SRL,,17277147,,,,,,,,,,,,,RON,,,,,,,,,MARFA 2,1,,,-181.51,,,,TAXABILE,21,,,
,FV,7851,20260122,20260122,,SC MAGOT SRL,,17277147,,,,,,,,,,,,,RON,,,,,,,,,MARFA 2,1,,,-163.87,,,,TAXABILE,21,,,
,FV,7851,20260122,20260122,,SC MAGOT SRL,,17277147,,,,,,,,,,,,,RON,,,,,,,,,MARFA 2,1,,,-36.13,,,,TAXABILE,21,,,
,FV,7851,20260122,20260122,,SC MAGOT SRL,,17277147,,,,,,,,,,,,,RON,,,,,,,,,MARFA 2,1,,,-271.43,,,,TAXABILE,21,,,
,FV,7851,20260122,20260122,,SC MAGOT SRL,,17277147,,,,,,,,,,,,,RON,,,,,,,,,MARFA 2,1,,,-109.24,,,,TAXABILE,21,,,
,FV,7851,20260122,20260122,,SC MAGOT SRL,,17277147,,,,,,,,,,,,,RON,,,,,,,,,MARFA 2,1,,,-159.66,,,,TAXABILE,21,,,
,FV,7851,20260122,20260122,,SC MAGOT SRL,,17277147,,,,,,,,,,,,,RON,,,,,,,,,Servicii vandute,1,,,-200.0,,,,TAXABILE,21,,,
,FV,7852,20260122,20260122,,SC MAGOT SRL,,17277147,,,,,,,,,,,,,RON,,,,,,,,,MARFA 2,1,,,-189.08,,,,TAXABILE,21,,,
,FV,7852,20260122,20260122,,SC MAGOT SRL,,17277147,,,,,,,,,,,,,RON,,,,,,,,,Servicii vandute,1,,,-170.0,,,,TAXABILE,21,,,
,FV,7853,20260122,20260122,,SC MAGOT SRL,,17277147,,,,,,,,,,,,,RON,,,,,,,,,MARFA 2,1,,,-1058.82,,,,TAXABILE,21,,,
,FV,7853,20260122,20260122,,SC MAGOT SRL,,17277147,,,,,,,,,,,,,RON,,,,,,,,,Servicii vandute,1,,,-300.0,,,,TAXABILE,21,,,
,FV,7854,20260122,20260122,,SC MAGOT SRL,,17277147,,,,,,,,,,,,,RON,,,,,,,,,MARFA 2,1,,,-42.02,,,,TAXABILE,21,,,
,FV,7854,20260122,20260122,,SC MAGOT SRL,,17277147,,,,,,,,,,,,,RON,,,,,,,,,MARFA 2,1,,,-81.51,,,,TAXABILE,21,,,
,FV,7854,20260122,20260122,,SC MAGOT SRL,,17277147,,,,,,,,,,,,,RON,,,,,,,,,MARFA 2,1,,,-77.31,,,,TAXABILE,21,,,
,FV,7854,20260122,20260122,,SC MAGOT SRL,,17277147,,,,,,,,,,,,,RON,,,,,,,,,MARFA 2,1,,,-120.17,,,,TAXABILE,21,,,
,FV,7854,20260122,20260122,,SC MAGOT SRL,,17277147,,,,,,,,,,,,,RON,,,,,,,,,MARFA 2,1,,,-280.67,,,,TAXABILE,21,,,
,FV,7854,20260122,20260122,,SC MAGOT SRL,,17277147,,,,,,,,,,,,,RON,,,,,,,,,MARFA 2,1,,,-151.26,,,,TAXABILE,21,,,
,FV,7854,20260122,20260122,,SC MAGOT SRL,,17277147,,,,,,,,,,,,,RON,,,,,,,,,Servicii vandute,1,,,-150.0,,,,TAXABILE,21,,,
,FV,7855,20260122,20260122,,SC MAGOT SRL,,17277147,,,,,,,,,,,,,RON,,,,,,,,,MARFA 2,1,,,-130.25,,,,TAXABILE,21,,,
,FV,7855,20260122,20260122,,SC MAGOT SRL,,17277147,,,,,,,,,,,,,RON,,,,,,,,,MARFA 2,1,,,-400.0,,,,TAXABILE,21,,,
,FV,7855,20260122,20260122,,SC MAGOT SRL,,17277147,,,,,,,,,,,,,RON,,,,,,,,,MARFA 2,1,,,-163.87,,,,TAXABILE,21,,,
,FV,7855,20260122,20260122,,SC MAGOT SRL,,17277147,,,,,,,,,,,,,RON,,,,,,,,,MARFA 2,1,,,-36.97,,,,TAXABILE,21,,,
,FV,7855,20260122,20260122,,SC MAGOT SRL,,17277147,,,,,,,,,,,,,RON,,,,,,,,,MARFA 2,1,,,-73.11,,,,TAXABILE,21,,,
,FV,7855,20260122,20260122,,SC MAGOT SRL,,17277147,,,,,,,,,,,,,RON,,,,,,,,,MARFA 2,1,,,-75.63,,,,TAXABILE,21,,,
,FV,7855,20260122,20260122,,SC MAGOT SRL,,17277147,,,,,,,,,,,,,RON,,,,,,,,,MARFA 2,1,,,-210.08,,,,TAXABILE,21,,,
,FV,7855,20260122,20260122,,SC MAGOT SRL,,17277147,,,,,,,,,,,,,RON,,,,,,,,,MARFA 2,1,,,-5.04,,,,TAXABILE,21,,,
,FV,7855,20260122,20260122,,SC MAGOT SRL,,17277147,,,,,,,,,,,,,RON,,,,,,,,,Servicii vandute,1,,,-570.0,,,,TAXABILE,21,,,
,FV,7856,20260122,20260122,,SC MAGOT SRL,,17277147,,,,,,,,,,,,,RON,,,,,,,,,MARFA 2,1,,,-37.82,,,,TAXABILE,21,,,
,FV,7856,20260122,20260122,,SC MAGOT SRL,,17277147,,,,,,,,,,,,,RON,,,,,,,,,MARFA 2,1,,,-100.84,,,,TAXABILE,21,,,
,FV,7856,20260122,20260122,,SC MAGOT SRL,,17277147,,,,,,,,,,,,,RON,,,,,,,,,MARFA 2,1,,,-56.3,,,,TAXABILE,21,,,
,FV,7856,20260122,20260122,,SC MAGOT SRL,,17277147,,,,,,,,,,,,,RON,,,,,,,,,MARFA 2,1,,,-46.22,,,,TAXABILE,21,,,
,FV,7856,20260122,20260122,,SC MAGOT SRL,,17277147,,,,,,,,,,,,,RON,,,,,,,,,MARFA 2,1,,,-8.4,,,,TAXABILE,21,,,
,FV,7856,20260122,20260122,,SC MAGOT SRL,,17277147,,,,,,,,,,,,,RON,,,,,,,,,MARFA 2,1,,,-260.5,,,,TAXABILE,21,,,
,FV,7856,20260122,20260122,,SC MAGOT SRL,,17277147,,,,,,,,,,,,,RON,,,,,,,,,Servicii vandute,1,,,-150.0,,,,TAXABILE,21,,,
,FV,7857,20260122,20260122,,SC MAGOT SRL,,17277147,,,,,,,,,,,,,RON,,,,,,,,,MARFA 2,1,,,-29.41,,,,TAXABILE,21,,,
,FV,7857,20260122,20260122,,SC MAGOT SRL,,17277147,,,,,,,,,,,,,RON,,,,,,,,,MARFA 2,1,,,-58.82,,,,TAXABILE,21,,,
,FV,7857,20260122,20260122,,SC MAGOT SRL,,17277147,,,,,,,,,,,,,RON,,,,,,,,,MARFA 2,1,,,-46.22,,,,TAXABILE,21,,,
,FV,7857,20260122,20260122,,SC MAGOT SRL,,17277147,,,,,,,,,,,,,RON,,,,,,,,,MARFA 2,1,,,-210.08,,,,TAXABILE,21,,,
,FV,7857,20260122,20260122,,SC MAGOT SRL,,17277147,,,,,,,,,,,,,RON,,,,,,,,,MARFA 2,1,,,-5.04,,,,TAXABILE,21,,,
,FV,7857,20260122,20260122,,SC MAGOT SRL,,17277147,,,,,,,,,,,,,RON,,,,,,,,,Servicii vandute,1,,,-150.0,,,,TAXABILE,21,,,
,FV,7857,20260122,20260122,,SC MAGOT SRL,,17277147,,,,,,,,,,,,,RON,,,,,,,,,Servicii vandute,1,,,-126.05,,,,TAXABILE,21,,,
,FV,7858,20260122,20260122,,SC MAGOT SRL,,17277147,,,,,,,,,,,,,RON,,,,,,,,,MARFA 2,1,,,-26.89,,,,TAXABILE,21,,,
,FV,7858,20260122,20260122,,SC MAGOT SRL,,17277147,,,,,,,,,,,,,RON,,,,,,,,,MARFA 2,1,,,-58.82,,,,TAXABILE,21,,,
,FV,7858,20260122,20260122,,SC MAGOT SRL,,17277147,,,,,,,,,,,,,RON,,,,,,,,,MARFA 2,1,,,-44.54,,,,TAXABILE,21,,,
,FV,7858,20260122,20260122,,SC MAGOT SRL,,17277147,,,,,,,,,,,,,RON,,,,,,,,,MARFA 2,1,,,-5.04,,,,TAXABILE,21,,,
,FV,7858,20260122,20260122,,SC MAGOT SRL,,17277147,,,,,,,,,,,,,RON,,,,,,,,,MARFA 2,1,,,-207.56,,,,TAXABILE,21,,,
,FV,7858,20260122,20260122,,SC MAGOT SRL,,17277147,,,,,,,,,,,,,RON,,,,,,,,,Servicii vandute,1,,,-200.0,,,,TAXABILE,21,,,
,FV,7859,20260122,20260122,,SC MAGOT SRL,,17277147,,,,,,,,,,,,,RON,,,,,,,,,MARFA 2,1,,,-33.06,,,,TAXABILE,21,,,
,FV,7859,20260122,20260122,,SC MAGOT SRL,,17277147,,,,,,,,,,,,,RON,,,,,,,,,MARFA 2,1,,,-56.2,,,,TAXABILE,21,,,
,FV,7859,20260122,20260122,,SC MAGOT SRL,,17277147,,,,,,,,,,,,,RON,,,,,,,,,MARFA 2,1,,,-47.11,,,,TAXABILE,21,,,
,FV,7859,20260122,20260122,,SC MAGOT SRL,,17277147,,,,,,,,,,,,,RON,,,,,,,,,MARFA 2,1,,,-214.88,,,,TAXABILE,21,,,
,FV,7859,20260122,20260122,,SC MAGOT SRL,,17277147,,,,,,,,,,,,,RON,,,,,,,,,MARFA 2,1,,,-4.96,,,,TAXABILE,21,,,
,FV,7859,20260122,20260122,,SC MAGOT SRL,,17277147,,,,,,,,,,,,,RON,,,,,,,,,Servicii vandute,1,,,-200.0,,,,TAXABILE,21,,,
,FV,7860,20260122,20260122,,SC MOLDOGLASS SRL,,9978390,,,,,,,,,,,,,RON,,,,,,,,,MARFA 2,1,,,801.65,,,,TAXABILE,21,,,
,FV,7860,20260122,20260122,,SC MOLDOGLASS SRL,,9978390,,,,,,,,,,,,,RON,,,,,,,,,MARFA 2,1,,,111.57,,,,TAXABILE,21,,,
,FV,7860,20260122,20260122,,SC MOLDOGLASS SRL,,9978390,,,,,,,,,,,,,RON,,,,,,,,,MARFA 2,1,,,121.49,,,,TAXABILE,21,,,
,FV,7860,20260122,20260122,,SC MOLDOGLASS SRL,,9978390,,,,,,,,,,,,,RON,,,,,,,,,MARFA 2,1,,,50.41,,,,TAXABILE,21,,,
,FV,7860,20260122,20260122,,SC MOLDOGLASS SRL,,9978390,,,,,,,,,,,,,RON,,,,,,,,,MARFA 2,1,,,158.68,,,,TAXABILE,21,,,
,FV,7860,20260122,20260122,,SC MOLDOGLASS SRL,,9978390,,,,,,,,,,,,,RON,,,,,,,,,MARFA 2,1,,,138.02,,,,TAXABILE,21,,,
,FV,7860,20260122,20260122,,SC MOLDOGLASS SRL,,9978390,,,,,,,,,,,,,RON,,,,,,,,,MARFA 2,1,,,124.79,,,,TAXABILE,21,,,
,FV,7860,20260122,20260122,,SC MOLDOGLASS SRL,,9978390,,,,,,,,,,,,,RON,,,,,,,,,MARFA 2,1,,,28.1,,,,TAXABILE,21,,,
,FV,7860,20260122,20260122,,SC MOLDOGLASS SRL,,9978390,,,,,,,,,,,,,RON,,,,,,,,,MARFA 2,1,,,206.61,,,,TAXABILE,21,,,
,FV,7860,20260122,20260122,,SC MOLDOGLASS SRL,,9978390,,,,,,,,,,,,,RON,,,,,,,,,MARFA 2,1,,,90.91,,,,TAXABILE,21,,,
,FV,7860,20260122,20260122,,SC MOLDOGLASS SRL,,9978390,,,,,,,,,,,,,RON,,,,,,,,,MARFA 2,1,,,785.12,,,,TAXABILE,21,,,
,FV,7860,20260122,20260122,,SC MOLDOGLASS SRL,,9978390,,,,,,,,,,,,,RON,,,,,,,,,MARFA 2,1,,,285.95,,,,TAXABILE,21,,,
,FV,7860,20260122,20260122,,SC MOLDOGLASS SRL,,9978390,,,,,,,,,,,,,RON,,,,,,,,,MARFA 2,1,,,227.27,,,,TAXABILE,21,,,
,FV,7860,20260122,20260122,,SC MOLDOGLASS SRL,,9978390,,,,,,,,,,,,,RON,,,,,,,,,MARFA 2,1,,,232.23,,,,TAXABILE,21,,,
,FV,7860,20260122,20260122,,SC MOLDOGLASS SRL,,9978390,,,,,,,,,,,,,RON,,,,,,,,,MARFA 2,1,,,114.05,,,,TAXABILE,21,,,
,FV,7860,20260122,20260122,,SC MOLDOGLASS SRL,,9978390,,,,,,,,,,,,,RON,,,,,,,,,MARFA 2,1,,,183.47,,,,TAXABILE,21,,,
,FV,7860,20260122,20260122,,SC MOLDOGLASS SRL,,9978390,,,,,,,,,,,,,RON,,,,,,,,,MARFA 2,1,,,673.55,,,,TAXABILE,21,,,
,FV,7860,20260122,20260122,,SC MOLDOGLASS SRL,,9978390,,,,,,,,,,,,,RON,,,,,,,,,Servicii vandute,1,,,82.64,,,,TAXABILE,21,,,
,FV,7861,20260122,20260122,,REGISTRUL AUTO ROMAN RA,,1590236,,,,,,,,,,,,,RON,,,,,,,,,MARFA 2,1,,,257.16,,,,TAXABILE,21,,,
,FV,7861,20260122,20260122,,REGISTRUL AUTO ROMAN RA,,1590236,,,,,,,,,,,,,RON,,,,,,,,,MARFA 2,1,,,42.84,,,,TAXABILE,21,,,
,FV,7862,20260123,20260123,,CYM CENTER SRL,,24594334,,,,,,,,,,,,,RON,,,,,,,,,Servicii vandute,1,,,148.76,,,,TAXABILE,21,,,
,FV,7863,20260123,20260123,,SC MOLDOGLASS SRL,,9978390,,,,,,,,,,,,,RON,,,,,,,,,MARFA 1,1,,,434.71,,,,TAXABILE,21,,,
,FV,7863,20260123,20260123,,SC MOLDOGLASS SRL,,9978390,,,,,,,,,,,,,RON,,,,,,,,,MARFA 1,1,,,764.46,,,,TAXABILE,21,,,
,FV,7863,20260123,20260123,,SC MOLDOGLASS SRL,,9978390,,,,,,,,,,,,,RON,,,,,,,,,MARFA 1,1,,,429.75,,,,TAXABILE,21,,,
,FV,7863,20260123,20260123,,SC MOLDOGLASS SRL,,9978390,,,,,,,,,,,,,RON,,,,,,,,,MARFA 1,1,,,364.46,,,,TAXABILE,21,,,
,FV,7863,20260123,20260123,,SC MOLDOGLASS SRL,,9978390,,,,,,,,,,,,,RON,,,,,,,,,MARFA 1,1,,,137.19,,,,TAXABILE,21,,,
,FV,7863,20260123,20260123,,SC MOLDOGLASS SRL,,9978390,,,,,,,,,,,,,RON,,,,,,,,,MARFA 1,1,,,165.29,,,,TAXABILE,21,,,
,FV,7863,20260123,20260123,,SC MOLDOGLASS SRL,,9978390,,,,,,,,,,,,,RON,,,,,,,,,MARFA 1,1,,,115.7,,,,TAXABILE,21,,,
,FV,7863,20260123,20260123,,SC MOLDOGLASS SRL,,9978390,,,,,,,,,,,,,RON,,,,,,,,,MARFA 1,1,,,24.79,,,,TAXABILE,21,,,
,FV,7863,20260123,20260123,,SC MOLDOGLASS SRL,,9978390,,,,,,,,,,,,,RON,,,,,,,,,MARFA 1,1,,,37.19,,,,TAXABILE,21,,,
,FV,7863,20260123,20260123,,SC MOLDOGLASS SRL,,9978390,,,,,,,,,,,,,RON,,,,,,,,,MARFA 1,1,,,152.89,,,,TAXABILE,21,,,
,FV,7863,20260123,20260123,,SC MOLDOGLASS SRL,,9978390,,,,,,,,,,,,,RON,,,,,,,,,MARFA 1,1,,,115.7,,,,TAXABILE,21,,,
,FV,7863,20260123,20260123,,SC MOLDOGLASS SRL,,9978390,,,,,,,,,,,,,RON,,,,,,,,,MARFA 1,1,,,396.69,,,,TAXABILE,21,,,
,FV,7863,20260123,20260123,,SC MOLDOGLASS SRL,,9978390,,,,,,,,,,,,,RON,,,,,,,,,MARFA 1,1,,,41.32,,,,TAXABILE,21,,,
,FV,7863,20260123,20260123,,SC MOLDOGLASS SRL,,9978390,,,,,,,,,,,,,RON,,,,,,,,,MARFA 1,1,,,85.12,,,,TAXABILE,21,,,
,FV,7863,20260123,20260123,,SC MOLDOGLASS SRL,,9978390,,,,,,,,,,,,,RON,,,,,,,,,MARFA 1,1,,,28.93,,,,TAXABILE,21,,,
,FV,7863,20260123,20260123,,SC MOLDOGLASS SRL,,9978390,,,,,,,,,,,,,RON,,,,,,,,,MARFA 1,1,,,85.12,,,,TAXABILE,21,,,
,FV,7863,20260123,20260123,,SC MOLDOGLASS SRL,,9978390,,,,,,,,,,,,,RON,,,,,,,,,MARFA 1,1,,,42.98,,,,TAXABILE,21,,,
,FV,7863,20260123,20260123,,SC MOLDOGLASS SRL,,9978390,,,,,,,,,,,,,RON,,,,,,,,,MARFA 1,1,,,47.11,,,,TAXABILE,21,,,
,FV,7863,20260123,20260123,,SC MOLDOGLASS SRL,,9978390,,,,,,,,,,,,,RON,,,,,,,,,MARFA 1,1,,,219.01,,,,TAXABILE,21,,,
,FV,7863,20260123,20260123,,SC MOLDOGLASS SRL,,9978390,,,,,,,,,,,,,RON,,,,,,,,,Servicii vandute,1,,,83.14,,,,TAXABILE,21,,,
,FV,7864,20260123,20260123,,OMEGA NET S.R.L.,,17940370,,,,,,,,,,,,,RON,,,,,,,,,MARFA 2,1,,,74.38,,,,TAXABILE,21,,,
,FV,7864,20260123,20260123,,OMEGA NET S.R.L.,,17940370,,,,,,,,,,,,,RON,,,,,,,,,Servicii vandute,1,,,300.0,,,,TAXABILE,21,,,
,FV,7865,20260123,20260123,,SC GENERAL ELECTRIC SRL,,6834960,,,,,,,,,,,,,RON,,,,,,,,,MARFA 2,1,,,24.79,,,,TAXABILE,21,,,
,FV,7865,20260123,20260123,,SC GENERAL ELECTRIC SRL,,6834960,,,,,,,,,,,,,RON,,,,,,,,,MARFA 2,1,,,90.91,,,,TAXABILE,21,,,
,FV,7865,20260123,20260123,,SC GENERAL ELECTRIC SRL,,6834960,,,,,,,,,,,,,RON,,,,,,,,,MARFA 2,1,,,33.06,,,,TAXABILE,21,,,
,FV,7865,20260123,20260123,,SC GENERAL ELECTRIC SRL,,6834960,,,,,,,,,,,,,RON,,,,,,,,,MARFA 2,1,,,206.61,,,,TAXABILE,21,,,
,FV,7865,20260123,20260123,,SC GENERAL ELECTRIC SRL,,6834960,,,,,,,,,,,,,RON,,,,,,,,,Servicii vandute,1,,,150.0,,,,TAXABILE,21,,,
,FV,7865,20260123,20260123,,SC GENERAL ELECTRIC SRL,,6834960,,,,,,,,,,,,,RON,,,,,,,,,Servicii vandute,1,,,123.97,,,,TAXABILE,21,,,
,FV,7866,20260123,20260123,,SC MOLDOGLASS SRL,,9978390,,,,,,,,,,,,,RON,,,,,,,,,MARFA 1,1,,,173.55,,,,TAXABILE,21,,,
,FV,7866,20260123,20260123,,SC MOLDOGLASS SRL,,9978390,,,,,,,,,,,,,RON,,,,,,,,,MARFA 1,1,,,330.58,,,,TAXABILE,21,,,
,FV,7866,20260123,20260123,,SC MOLDOGLASS SRL,,9978390,,,,,,,,,,,,,RON,,,,,,,,,MARFA 1,1,,,99.17,,,,TAXABILE,21,,,
,FV,7866,20260123,20260123,,SC MOLDOGLASS SRL,,9978390,,,,,,,,,,,,,RON,,,,,,,,,MARFA 1,1,,,66.12,,,,TAXABILE,21,,,
,FV,7866,20260123,20260123,,SC MOLDOGLASS SRL,,9978390,,,,,,,,,,,,,RON,,,,,,,,,Servicii vandute,1,,,500.0,,,,TAXABILE,21,,,
,FV,7867,20260126,20260126,,SC BEST TEAM ASSISTANCE SRL,,33469462,,,,,,,,,,,,,RON,,,,,,,,,Servicii vandute,1,,,1020.0,,,,TAXABILE,21,,,
,FV,7868,20260126,20260126,,SC DISTINCT RETAIL SRL,,43246026,,,,,,,,,,,,,RON,,,,,,,,,MARFA 2,1,,,413.22,,,,TAXABILE,21,,,
,FV,7868,20260126,20260126,,SC DISTINCT RETAIL SRL,,43246026,,,,,,,,,,,,,RON,,,,,,,,,Servicii vandute,1,,,250.0,,,,TAXABILE,21,,,
,FV,7869,20260126,20260126,,ROLINAD SRL,,16175688,,,,,,,,,,,,,RON,,,,,,,,,MARFA 1,1,,,636.36,,,,TAXABILE,21,,,
,FV,7869,20260126,20260126,,ROLINAD SRL,,16175688,,,,,,,,,,,,,RON,,,,,,,,,MARFA 1,1,,,239.67,,,,TAXABILE,21,,,
,FV,7869,20260126,20260126,,ROLINAD SRL,,16175688,,,,,,,,,,,,,RON,,,,,,,,,Servicii vandute,1,,,700.0,,,,TAXABILE,21,,,
,FV,7870,20260126,20260126,,REGISTRUL AUTO ROMAN RA,,1590236,,,,,,,,,,,,,RON,,,,,,,,,MARFA 2,1,,,300.0,,,,TAXABILE,21,,,
,FV,7871,20260126,20260126,,SC SSAB  AG  S.A.,,2816022,,,,,,,,,,,,,RON,,,,,,,,,MARFA 2,1,,,710.74,,,,TAXABILE,21,,,
,FV,7871,20260126,20260126,,SC SSAB  AG  S.A.,,2816022,,,,,,,,,,,,,RON,,,,,,,,,MARFA 2,1,,,37.19,,,,TAXABILE,21,,,
,FV,7871,20260126,20260126,,SC SSAB  AG  S.A.,,2816022,,,,,,,,,,,,,RON,,,,,,,,,MARFA 2,1,,,214.88,,,,TAXABILE,21,,,
,FV,7871,20260126,20260126,,SC SSAB  AG  S.A.,,2816022,,,,,,,,,,,,,RON,,,,,,,,,MARFA 2,1,,,165.29,,,,TAXABILE,21,,,
,FV,7871,20260126,20260126,,SC SSAB  AG  S.A.,,2816022,,,,,,,,,,,,,RON,,,,,,,,,MARFA 2,1,,,99.17,,,,TAXABILE,21,,,
,FV,7871,20260126,20260126,,SC SSAB  AG  S.A.,,2816022,,,,,,,,,,,,,RON,,,,,,,,,Servicii vandute,1,,,400.0,,,,TAXABILE,21,,,
,FV,7872,20260126,20260126,,SC SSAB  AG  S.A.,,2816022,,,,,,,,,,,,,RON,,,,,,,,,MARFA 2,1,,,314.05,,,,TAXABILE,21,,,
,FV,7872,20260126,20260126,,SC SSAB  AG  S.A.,,2816022,,,,,,,,,,,,,RON,,,,,,,,,MARFA 2,1,,,548.76,,,,TAXABILE,21,,,
,FV,7872,20260126,20260126,,SC SSAB  AG  S.A.,,2816022,,,,,,,,,,,,,RON,,,,,,,,,MARFA 2,1,,,54.55,,,,TAXABILE,21,,,
,FV,7872,20260126,20260126,,SC SSAB  AG  S.A.,,2816022,,,,,,,,,,,,,RON,,,,,,,,,MARFA 2,1,,,33.06,,,,TAXABILE,21,,,
,FV,7872,20260126,20260126,,SC SSAB  AG  S.A.,,2816022,,,,,,,,,,,,,RON,,,,,,,,,Servicii vandute,1,,,41.32,,,,TAXABILE,21,,,
,FV,7873,20260126,20260126,,IGNAT NICU CODRIN,,1880426046254,,,,,,,,,,,,,RON,,,,,,,,,MARFA 2,1,,,173.55,,,,TAXABILE,21,,,
,FV,7873,20260126,20260126,,IGNAT NICU CODRIN,,1880426046254,,,,,,,,,,,,,RON,,,,,,,,,MARFA 2,1,,,109.09,,,,TAXABILE,21,,,
,FV,7873,20260126,20260126,,IGNAT NICU CODRIN,,1880426046254,,,,,,,,,,,,,RON,,,,,,,,,MARFA 2,1,,,171.07,,,,TAXABILE,21,,,
,FV,7873,20260126,20260126,,IGNAT NICU CODRIN,,1880426046254,,,,,,,,,,,,,RON,,,,,,,,,MARFA 2,1,,,95.87,,,,TAXABILE,21,,,
,FV,7873,20260126,20260126,,IGNAT NICU CODRIN,,1880426046254,,,,,,,,,,,,,RON,,,,,,,,,Servicii vandute,1,,,28.93,,,,TAXABILE,21,,,
,FV,7874,20260126,20260126,,SC ETNA SRL,,982231,,,,,,,,,,,,,RON,,,,,,,,,MARFA 1,1,,,89.26,,,,TAXABILE,21,,,
,FV,7874,20260126,20260126,,SC ETNA SRL,,982231,,,,,,,,,,,,,RON,,,,,,,,,MARFA 1,1,,,59.5,,,,TAXABILE,21,,,
,FV,7874,20260126,20260126,,SC ETNA SRL,,982231,,,,,,,,,,,,,RON,,,,,,,,,MARFA 1,1,,,59.5,,,,TAXABILE,21,,,
,FV,7874,20260126,20260126,,SC ETNA SRL,,982231,,,,,,,,,,,,,RON,,,,,,,,,MARFA 1,1,,,173.55,,,,TAXABILE,21,,,
,FV,7874,20260126,20260126,,SC ETNA SRL,,982231,,,,,,,,,,,,,RON,,,,,,,,,MARFA 1,1,,,45.45,,,,TAXABILE,21,,,
,FV,7874,20260126,20260126,,SC ETNA SRL,,982231,,,,,,,,,,,,,RON,,,,,,,,,MARFA 1,1,,,95.87,,,,TAXABILE,21,,,
,FV,7874,20260126,20260126,,SC ETNA SRL,,982231,,,,,,,,,,,,,RON,,,,,,,,,MARFA 1,1,,,328.1,,,,TAXABILE,21,,,
,FV,7874,20260126,20260126,,SC ETNA SRL,,982231,,,,,,,,,,,,,RON,,,,,,,,,MARFA 1,1,,,71.9,,,,TAXABILE,21,,,
,FV,7874,20260126,20260126,,SC ETNA SRL,,982231,,,,,,,,,,,,,RON,,,,,,,,,MARFA 1,1,,,69.42,,,,TAXABILE,21,,,
,FV,7874,20260126,20260126,,SC ETNA SRL,,982231,,,,,,,,,,,,,RON,,,,,,,,,MARFA 1,1,,,119.83,,,,TAXABILE,21,,,
,FV,7874,20260126,20260126,,SC ETNA SRL,,982231,,,,,,,,,,,,,RON,,,,,,,,,MARFA 1,1,,,90.91,,,,TAXABILE,21,,,
,FV,7874,20260126,20260126,,SC ETNA SRL,,982231,,,,,,,,,,,,,RON,,,,,,,,,MARFA 1,1,,,71.07,,,,TAXABILE,21,,,
,FV,7874,20260126,20260126,,SC ETNA SRL,,982231,,,,,,,,,,,,,RON,,,,,,,,,MARFA 1,1,,,71.07,,,,TAXABILE,21,,,
,FV,7874,20260126,20260126,,SC ETNA SRL,,982231,,,,,,,,,,,,,RON,,,,,,,,,MARFA 1,1,,,41.32,,,,TAXABILE,21,,,
,FV,7874,20260126,20260126,,SC ETNA SRL,,982231,,,,,,,,,,,,,RON,,,,,,,,,MARFA 1,1,,,41.32,,,,TAXABILE,21,,,
,FV,7874,20260126,20260126,,SC ETNA SRL,,982231,,,,,,,,,,,,,RON,,,,,,,,,MARFA 1,1,,,198.35,,,,TAXABILE,21,,,
,FV,7874,20260126,20260126,,SC ETNA SRL,,982231,,,,,,,,,,,,,RON,,,,,,,,,MARFA 1,1,,,33.06,,,,TAXABILE,21,,,
,FV,7874,20260126,20260126,,SC ETNA SRL,,982231,,,,,,,,,,,,,RON,,,,,,,,,MARFA 1,1,,,24.79,,,,TAXABILE,21,,,
,FV,7874,20260126,20260126,,SC ETNA SRL,,982231,,,,,,,,,,,,,RON,,,,,,,,,MARFA 1,1,,,33.06,,,,TAXABILE,21,,,
,FV,7874,20260126,20260126,,SC ETNA SRL,,982231,,,,,,,,,,,,,RON,,,,,,,,,MARFA 1,1,,,90.91,,,,TAXABILE,21,,,
,FV,7874,20260126,20260126,,SC ETNA SRL,,982231,,,,,,,,,,,,,RON,,,,,,,,,MARFA 1,1,,,112.4,,,,TAXABILE,21,,,
,FV,7874,20260126,20260126,,SC ETNA SRL,,982231,,,,,,,,,,,,,RON,,,,,,,,,MARFA 1,1,,,38.02,,,,TAXABILE,21,,,
,FV,7874,20260126,20260126,,SC ETNA SRL,,982231,,,,,,,,,,,,,RON,,,,,,,,,MARFA 1,1,,,85.12,,,,TAXABILE,21,,,
,FV,7874,20260126,20260126,,SC ETNA SRL,,982231,,,,,,,,,,,,,RON,,,,,,,,,MARFA 1,1,,,92.56,,,,TAXABILE,21,,,
,FV,7874,20260126,20260126,,SC ETNA SRL,,982231,,,,,,,,,,,,,RON,,,,,,,,,MARFA 1,1,,,214.88,,,,TAXABILE,21,,,
,FV,7874,20260126,20260126,,SC ETNA SRL,,982231,,,,,,,,,,,,,RON,,,,,,,,,MARFA 1,1,,,45.45,,,,TAXABILE,21,,,
,FV,7874,20260126,20260126,,SC ETNA SRL,,982231,,,,,,,,,,,,,RON,,,,,,,,,MARFA 1,1,,,20.66,,,,TAXABILE,21,,,
,FV,7874,20260126,20260126,,SC ETNA SRL,,982231,,,,,,,,,,,,,RON,,,,,,,,,MARFA 1,1,,,91.74,,,,TAXABILE,21,,,
,FV,7874,20260126,20260126,,SC ETNA SRL,,982231,,,,,,,,,,,,,RON,,,,,,,,,MARFA 1,1,,,28.93,,,,TAXABILE,21,,,
,FV,7874,20260126,20260126,,SC ETNA SRL,,982231,,,,,,,,,,,,,RON,,,,,,,,,MARFA 1,1,,,74.38,,,,TAXABILE,21,,,
,FV,7874,20260126,20260126,,SC ETNA SRL,,982231,,,,,,,,,,,,,RON,,,,,,,,,MARFA 1,1,,,409.09,,,,TAXABILE,21,,,
,FV,7874,20260126,20260126,,SC ETNA SRL,,982231,,,,,,,,,,,,,RON,,,,,,,,,MARFA 1,1,,,206.61,,,,TAXABILE,21,,,
,FV,7874,20260126,20260126,,SC ETNA SRL,,982231,,,,,,,,,,,,,RON,,,,,,,,,MARFA 1,1,,,152.89,,,,TAXABILE,21,,,
,FV,7874,20260126,20260126,,SC ETNA SRL,,982231,,,,,,,,,,,,,RON,,,,,,,,,Servicii vandute,1,,,66.12,,,,TAXABILE,21,,,
,FV,7875,20260127,20260127,,MICU EUGENIA,,2670426040035,,,,,,,,,,,,,RON,,,,,,,,,MARFA 2,1,,,152.89,,,,TAXABILE,21,,,
,FV,7875,20260127,20260127,,MICU EUGENIA,,2670426040035,,,,,,,,,,,,,RON,,,,,,,,,MARFA 2,1,,,152.89,,,,TAXABILE,21,,,
,FV,7875,20260127,20260127,,MICU EUGENIA,,2670426040035,,,,,,,,,,,,,RON,,,,,,,,,MARFA 2,1,,,34.71,,,,TAXABILE,21,,,
,FV,7875,20260127,20260127,,MICU EUGENIA,,2670426040035,,,,,,,,,,,,,RON,,,,,,,,,MARFA 2,1,,,34.71,,,,TAXABILE,21,,,
,FV,7875,20260127,20260127,,MICU EUGENIA,,2670426040035,,,,,,,,,,,,,RON,,,,,,,,,MARFA 2,1,,,82.64,,,,TAXABILE,21,,,
,FV,7875,20260127,20260127,,MICU EUGENIA,,2670426040035,,,,,,,,,,,,,RON,,,,,,,,,MARFA 2,1,,,165.29,,,,TAXABILE,21,,,
,FV,7875,20260127,20260127,,MICU EUGENIA,,2670426040035,,,,,,,,,,,,,RON,,,,,,,,,MARFA 2,1,,,4.13,,,,TAXABILE,21,,,
,FV,7876,20260127,20260127,,ELIOTRAX S.R.L.,,52352328,,,,,,,,,,,,,RON,,,,,,,,,MARFA 2,1,,,721.49,,,,TAXABILE,21,,,
,FV,7876,20260127,20260127,,ELIOTRAX S.R.L.,,52352328,,,,,,,,,,,,,RON,,,,,,,,,MARFA 2,1,,,43.8,,,,TAXABILE,21,,,
,FV,7876,20260127,20260127,,ELIOTRAX S.R.L.,,52352328,,,,,,,,,,,,,RON,,,,,,,,,MARFA 2,1,,,38.84,,,,TAXABILE,21,,,
,FV,7876,20260127,20260127,,ELIOTRAX S.R.L.,,52352328,,,,,,,,,,,,,RON,,,,,,,,,Servicii vandute,1,,,350.0,,,,TAXABILE,21,,,
,FV,7877,20260127,20260127,,SC CASIRA INTERNATIONAL SRL,,40750281,,,,,,,,,,,,,RON,,,,,,,,,MARFA 1,1,,,352.07,,,,TAXABILE,21,,,
,FV,7877,20260127,20260127,,SC CASIRA INTERNATIONAL SRL,,40750281,,,,,,,,,,,,,RON,,,,,,,,,MARFA 1,1,,,148.76,,,,TAXABILE,21,,,
,FV,7877,20260127,20260127,,SC CASIRA INTERNATIONAL SRL,,40750281,,,,,,,,,,,,,RON,,,,,,,,,MARFA 1,1,,,61.98,,,,TAXABILE,21,,,
,FV,7877,20260127,20260127,,SC CASIRA INTERNATIONAL SRL,,40750281,,,,,,,,,,,,,RON,,,,,,,,,MARFA 1,1,,,49.59,,,,TAXABILE,21,,,
,FV,7877,20260127,20260127,,SC CASIRA INTERNATIONAL SRL,,40750281,,,,,,,,,,,,,RON,,,,,,,,,MARFA 1,1,,,24.79,,,,TAXABILE,21,,,
,FV,7877,20260127,20260127,,SC CASIRA INTERNATIONAL SRL,,40750281,,,,,,,,,,,,,RON,,,,,,,,,MARFA 1,1,,,456.2,,,,TAXABILE,21,,,
,FV,7877,20260127,20260127,,SC CASIRA INTERNATIONAL SRL,,40750281,,,,,,,,,,,,,RON,,,,,,,,,MARFA 1,1,,,526.45,,,,TAXABILE,21,,,
,FV,7877,20260127,20260127,,SC CASIRA INTERNATIONAL SRL,,40750281,,,,,,,,,,,,,RON,,,,,,,,,MARFA 1,1,,,356.2,,,,TAXABILE,21,,,
,FV,7877,20260127,20260127,,SC CASIRA INTERNATIONAL SRL,,40750281,,,,,,,,,,,,,RON,,,,,,,,,MARFA 1,1,,,21.49,,,,TAXABILE,21,,,
,FV,7877,20260127,20260127,,SC CASIRA INTERNATIONAL SRL,,40750281,,,,,,,,,,,,,RON,,,,,,,,,MARFA 1,1,,,30.58,,,,TAXABILE,21,,,
,FV,7877,20260127,20260127,,SC CASIRA INTERNATIONAL SRL,,40750281,,,,,,,,,,,,,RON,,,,,,,,,MARFA 1,1,,,42.15,,,,TAXABILE,21,,,
,FV,7877,20260127,20260127,,SC CASIRA INTERNATIONAL SRL,,40750281,,,,,,,,,,,,,RON,,,,,,,,,MARFA 1,1,,,72.73,,,,TAXABILE,21,,,
,FV,7877,20260127,20260127,,SC CASIRA INTERNATIONAL SRL,,40750281,,,,,,,,,,,,,RON,,,,,,,,,MARFA 1,1,,,110.74,,,,TAXABILE,21,,,
,FV,7877,20260127,20260127,,SC CASIRA INTERNATIONAL SRL,,40750281,,,,,,,,,,,,,RON,,,,,,,,,MARFA 1,1,,,34.71,,,,TAXABILE,21,,,
,FV,7877,20260127,20260127,,SC CASIRA INTERNATIONAL SRL,,40750281,,,,,,,,,,,,,RON,,,,,,,,,MARFA 1,1,,,214.88,,,,TAXABILE,21,,,
,FV,7877,20260127,20260127,,SC CASIRA INTERNATIONAL SRL,,40750281,,,,,,,,,,,,,RON,,,,,,,,,MARFA 1,1,,,97.52,,,,TAXABILE,21,,,
,FV,7877,20260127,20260127,,SC CASIRA INTERNATIONAL SRL,,40750281,,,,,,,,,,,,,RON,,,,,,,,,MARFA 1,1,,,276.03,,,,TAXABILE,21,,,
,FV,7877,20260127,20260127,,SC CASIRA INTERNATIONAL SRL,,40750281,,,,,,,,,,,,,RON,,,,,,,,,Servicii vandute,1,,,49.59,,,,TAXABILE,21,,,
,FV,7878,20260127,20260127,,SC ETNA SRL,,982231,,,,,,,,,,,,,RON,,,,,,,,,MARFA 2,1,,,842.15,,,,TAXABILE,21,,,
,FV,7878,20260127,20260127,,SC ETNA SRL,,982231,,,,,,,,,,,,,RON,,,,,,,,,MARFA 2,1,,,107.44,,,,TAXABILE,21,,,
,FV,7878,20260127,20260127,,SC ETNA SRL,,982231,,,,,,,,,,,,,RON,,,,,,,,,MARFA 2,1,,,85.12,,,,TAXABILE,21,,,
,FV,7878,20260127,20260127,,SC ETNA SRL,,982231,,,,,,,,,,,,,RON,,,,,,,,,MARFA 2,1,,,679.34,,,,TAXABILE,21,,,
,FV,7878,20260127,20260127,,SC ETNA SRL,,982231,,,,,,,,,,,,,RON,,,,,,,,,MARFA 2,1,,,583.47,,,,TAXABILE,21,,,
,FV,7878,20260127,20260127,,SC ETNA SRL,,982231,,,,,,,,,,,,,RON,,,,,,,,,MARFA 2,1,,,454.55,,,,TAXABILE,21,,,
,FV,7878,20260127,20260127,,SC ETNA SRL,,982231,,,,,,,,,,,,,RON,,,,,,,,,MARFA 2,1,,,206.61,,,,TAXABILE,21,,,
,FV,7878,20260127,20260127,,SC ETNA SRL,,982231,,,,,,,,,,,,,RON,,,,,,,,,MARFA 2,1,,,227.27,,,,TAXABILE,21,,,
,FV,7878,20260127,20260127,,SC ETNA SRL,,982231,,,,,,,,,,,,,RON,,,,,,,,,MARFA 2,1,,,129.75,,,,TAXABILE,21,,,
,FV,7878,20260127,20260127,,SC ETNA SRL,,982231,,,,,,,,,,,,,RON,,,,,,,,,MARFA 2,1,,,143.8,,,,TAXABILE,21,,,
,FV,7878,20260127,20260127,,SC ETNA SRL,,982231,,,,,,,,,,,,,RON,,,,,,,,,MARFA 2,1,,,182.64,,,,TAXABILE,21,,,
,FV,7878,20260127,20260127,,SC ETNA SRL,,982231,,,,,,,,,,,,,RON,,,,,,,,,MARFA 2,1,,,35.54,,,,TAXABILE,21,,,
,FV,7878,20260127,20260127,,SC ETNA SRL,,982231,,,,,,,,,,,,,RON,,,,,,,,,MARFA 2,1,,,76.03,,,,TAXABILE,21,,,
,FV,7878,20260127,20260127,,SC ETNA SRL,,982231,,,,,,,,,,,,,RON,,,,,,,,,MARFA 2,1,,,115.7,,,,TAXABILE,21,,,
,FV,7878,20260127,20260127,,SC ETNA SRL,,982231,,,,,,,,,,,,,RON,,,,,,,,,Servicii vandute,1,,,49.59,,,,TAXABILE,21,,,
,FV,7879,20260128,20260128,,SC UTIL S.P.C SRL,,1285275,,,,,,,,,,,,,RON,,,,,,,,,MARFA 2,1,,,24.79,,,,TAXABILE,21,,,
,FV,7879,20260128,20260128,,SC UTIL S.P.C SRL,,1285275,,,,,,,,,,,,,RON,,,,,,,,,MARFA 2,1,,,128.93,,,,TAXABILE,21,,,
,FV,7879,20260128,20260128,,SC UTIL S.P.C SRL,,1285275,,,,,,,,,,,,,RON,,,,,,,,,MARFA 2,1,,,56.2,,,,TAXABILE,21,,,
,FV,7879,20260128,20260128,,SC UTIL S.P.C SRL,,1285275,,,,,,,,,,,,,RON,,,,,,,,,MARFA 2,1,,,82.64,,,,TAXABILE,21,,,
,FV,7879,20260128,20260128,,SC UTIL S.P.C SRL,,1285275,,,,,,,,,,,,,RON,,,,,,,,,MARFA 2,1,,,327.27,,,,TAXABILE,21,,,
,FV,7879,20260128,20260128,,SC UTIL S.P.C SRL,,1285275,,,,,,,,,,,,,RON,,,,,,,,,MARFA 2,1,,,145.45,,,,TAXABILE,21,,,
,FV,7879,20260128,20260128,,SC UTIL S.P.C SRL,,1285275,,,,,,,,,,,,,RON,,,,,,,,,Servicii vandute,1,,,200.0,,,,TAXABILE,21,,,
,FV,7880,20260128,20260128,,A.S. FCM BACAU,,9366090,,,,,,,,,,,,,RON,,,,,,,,,MARFA 2,1,,,82.64,,,,TAXABILE,21,,,
,FV,7880,20260128,20260128,,A.S. FCM BACAU,,9366090,,,,,,,,,,,,,RON,,,,,,,,,Servicii vandute,1,,,41.32,,,,TAXABILE,21,,,
,FV,7881,20260128,20260128,,SC ND PHARMA SRL,,22082443,,,,,,,,,,,,,RON,,,,,,,,,Servicii vandute,1,,,148.76,,,,TAXABILE,21,,,
,FV,7882,20260128,20260128,,NASTASE N. VASILE INTREPRINDERE INDIVIDUALA,,27076590,,,,,,,,,,,,,RON,,,,,,,,,MARFA 1,1,,,56.2,,,,TAXABILE,21,,,
,FV,7882,20260128,20260128,,NASTASE N. VASILE INTREPRINDERE INDIVIDUALA,,27076590,,,,,,,,,,,,,RON,,,,,,,,,MARFA 1,1,,,147.11,,,,TAXABILE,21,,,
,FV,7882,20260128,20260128,,NASTASE N. VASILE INTREPRINDERE INDIVIDUALA,,27076590,,,,,,,,,,,,,RON,,,,,,,,,MARFA 1,1,,,97.52,,,,TAXABILE,21,,,
,FV,7882,20260128,20260128,,NASTASE N. VASILE INTREPRINDERE INDIVIDUALA,,27076590,,,,,,,,,,,,,RON,,,,,,,,,MARFA 1,1,,,123.97,,,,TAXABILE,21,,,
,FV,7882,20260128,20260128,,NASTASE N. VASILE INTREPRINDERE INDIVIDUALA,,27076590,,,,,,,,,,,,,RON,,,,,,,,,MARFA 1,1,,,405.79,,,,TAXABILE,21,,,
,FV,7882,20260128,20260128,,NASTASE N. VASILE INTREPRINDERE INDIVIDUALA,,27076590,,,,,,,,,,,,,RON,,,,,,,,,Servicii vandute,1,,,200.0,,,,TAXABILE,21,,,
,FV,7883,20260129,20260129,,SC DRANACOS SRL,,8998039,,,,,,,,,,,,,RON,,,,,,,,,MARFA 2,1,,,115.7,,,,TAXABILE,21,,,
,FV,7883,20260129,20260129,,SC DRANACOS SRL,,8998039,,,,,,,,,,,,,RON,,,,,,,,,MARFA 2,1,,,45.45,,,,TAXABILE,21,,,
,FV,7883,20260129,20260129,,SC DRANACOS SRL,,8998039,,,,,,,,,,,,,RON,,,,,,,,,Servicii vandute,1,,,150.0,,,,TAXABILE,21,,,
,FV,7884,20260129,20260129,,SC DRUCODAN TRANS IMPEX SRL,,9587945,,,,,,,,,,,,,RON,,,,,,,,,MARFA 2,1,,,2454.55,,,,TAXABILE,21,,,
,FV,7884,20260129,20260129,,SC DRUCODAN TRANS IMPEX SRL,,9587945,,,,,,,,,,,,,RON,,,,,,,,,MARFA 2,1,,,5041.32,,,,TAXABILE,21,,,
,FV,7884,20260129,20260129,,SC DRUCODAN TRANS IMPEX SRL,,9587945,,,,,,,,,,,,,RON,,,,,,,,,MARFA 2,1,,,4458.68,,,,TAXABILE,21,,,
,FV,7884,20260129,20260129,,SC DRUCODAN TRANS IMPEX SRL,,9587945,,,,,,,,,,,,,RON,,,,,,,,,MARFA 2,1,,,793.39,,,,TAXABILE,21,,,
,FV,7884,20260129,20260129,,SC DRUCODAN TRANS IMPEX SRL,,9587945,,,,,,,,,,,,,RON,,,,,,,,,MARFA 2,1,,,173.55,,,,TAXABILE,21,,,
,FV,7884,20260129,20260129,,SC DRUCODAN TRANS IMPEX SRL,,9587945,,,,,,,,,,,,,RON,,,,,,,,,MARFA 2,1,,,3950.41,,,,TAXABILE,21,,,
,FV,7884,20260129,20260129,,SC DRUCODAN TRANS IMPEX SRL,,9587945,,,,,,,,,,,,,RON,,,,,,,,,MARFA 2,1,,,1000.0,,,,TAXABILE,21,,,
,FV,7884,20260129,20260129,,SC DRUCODAN TRANS IMPEX SRL,,9587945,,,,,,,,,,,,,RON,,,,,,,,,MARFA 2,1,,,256.2,,,,TAXABILE,21,,,
,FV,7884,20260129,20260129,,SC DRUCODAN TRANS IMPEX SRL,,9587945,,,,,,,,,,,,,RON,,,,,,,,,MARFA 2,1,,,702.48,,,,TAXABILE,21,,,
,FV,7884,20260129,20260129,,SC DRUCODAN TRANS IMPEX SRL,,9587945,,,,,,,,,,,,,RON,,,,,,,,,Servicii vandute,1,,,5185.95,,,,TAXABILE,21,,,
,FV,7885,20260129,20260129,,SANROTEX TRADING SRL,,32163740,,,,,,,,,,,,,RON,,,,,,,,,Servicii vandute,1,,,148.76,,,,TAXABILE,21,,,
,FV,7886,20260129,20260129,,SC ELIADEN FADM SRL,,48433270,,,,,,,,,,,,,RON,,,,,,,,,MARFA 2,1,,,23.14,,,,TAXABILE,21,,,
,FV,7886,20260129,20260129,,SC ELIADEN FADM SRL,,48433270,,,,,,,,,,,,,RON,,,,,,,,,MARFA 2,1,,,70.25,,,,TAXABILE,21,,,
,FV,7886,20260129,20260129,,SC ELIADEN FADM SRL,,48433270,,,,,,,,,,,,,RON,,,,,,,,,MARFA 2,1,,,92.56,,,,TAXABILE,21,,,
,FV,7886,20260129,20260129,,SC ELIADEN FADM SRL,,48433270,,,,,,,,,,,,,RON,,,,,,,,,MARFA 2,1,,,74.38,,,,TAXABILE,21,,,
,FV,7886,20260129,20260129,,SC ELIADEN FADM SRL,,48433270,,,,,,,,,,,,,RON,,,,,,,,,MARFA 2,1,,,4.96,,,,TAXABILE,21,,,
,FV,7886,20260129,20260129,,SC ELIADEN FADM SRL,,48433270,,,,,,,,,,,,,RON,,,,,,,,,MARFA 2,1,,,268.6,,,,TAXABILE,21,,,
,FV,7886,20260129,20260129,,SC ELIADEN FADM SRL,,48433270,,,,,,,,,,,,,RON,,,,,,,,,Servicii vandute,1,,,150.0,,,,TAXABILE,21,,,
,FV,7887,20260130,20260130,,SC ND PHARMA SRL,,22082443,,,,,,,,,,,,,RON,,,,,,,,,MARFA 2,1,,,385.95,,,,TAXABILE,21,,,
,FV,7887,20260130,20260130,,SC ND PHARMA SRL,,22082443,,,,,,,,,,,,,RON,,,,,,,,,MARFA 1,1,,,107.44,,,,TAXABILE,21,,,
,FV,7887,20260130,20260130,,SC ND PHARMA SRL,,22082443,,,,,,,,,,,,,RON,,,,,,,,,MARFA 1,1,,,136.36,,,,TAXABILE,21,,,
,FV,7887,20260130,20260130,,SC ND PHARMA SRL,,22082443,,,,,,,,,,,,,RON,,,,,,,,,MARFA 1,1,,,157.02,,,,TAXABILE,21,,,
,FV,7887,20260130,20260130,,SC ND PHARMA SRL,,22082443,,,,,,,,,,,,,RON,,,,,,,,,MARFA 2,1,,,47.11,,,,TAXABILE,21,,,
,FV,7887,20260130,20260130,,SC ND PHARMA SRL,,22082443,,,,,,,,,,,,,RON,,,,,,,,,Servicii vandute,1,,,400.0,,,,TAXABILE,21,,,
,FV,7888,20260130,20260130,,P.F.A.TOMOZEI D.VASILE,,36145738,,,,,,,,,,,,,RON,,,,,,,,,MARFA 1,1,,,252.07,,,,TAXABILE,21,,,
,FV,7888,20260130,20260130,,P.F.A.TOMOZEI D.VASILE,,36145738,,,,,,,,,,,,,RON,,,,,,,,,MARFA 1,1,,,260.33,,,,TAXABILE,21,,,
,FV,7888,20260130,20260130,,P.F.A.TOMOZEI D.VASILE,,36145738,,,,,,,,,,,,,RON,,,,,,,,,MARFA 1,1,,,49.59,,,,TAXABILE,21,,,
,FV,7888,20260130,20260130,,P.F.A.TOMOZEI D.VASILE,,36145738,,,,,,,,,,,,,RON,,,,,,,,,Servicii vandute,1,,,500.0,,,,TAXABILE,21,,,
,FV,7889,20260130,20260130,,DAXXTON ARK S.R.L.,,43342058,,,,,,,,,,,,,RON,,,,,,,,,MARFA 1,1,,,55.37,,,,TAXABILE,21,,,
,FV,7889,20260130,20260130,,DAXXTON ARK S.R.L.,,43342058,,,,,,,,,,,,,RON,,,,,,,,,MARFA 1,1,,,70.25,,,,TAXABILE,21,,,
,FV,7889,20260130,20260130,,DAXXTON ARK S.R.L.,,43342058,,,,,,,,,,,,,RON,,,,,,,,,MARFA 1,1,,,89.26,,,,TAXABILE,21,,,
,FV,7889,20260130,20260130,,DAXXTON ARK S.R.L.,,43342058,,,,,,,,,,,,,RON,,,,,,,,,MARFA 1,1,,,421.49,,,,TAXABILE,21,,,
,FV,7889,20260130,20260130,,DAXXTON ARK S.R.L.,,43342058,,,,,,,,,,,,,RON,,,,,,,,,MARFA 1,1,,,123.97,,,,TAXABILE,21,,,
,FV,7889,20260130,20260130,,DAXXTON ARK S.R.L.,,43342058,,,,,,,,,,,,,RON,,,,,,,,,Servicii vandute,1,,,350.0,,,,TAXABILE,21,,,
,FV,7890,20260130,20260130,,SC BRICOLAJ MARKET GROUP SRL,,36905400,,,,,,,,,,,,,RON,,,,,,,,,MARFA 2,1,,,33.06,,,,TAXABILE,21,,,
,FV,7890,20260130,20260130,,SC BRICOLAJ MARKET GROUP SRL,,36905400,,,,,,,,,,,,,RON,,,,,,,,,MARFA 2,1,,,235.54,,,,TAXABILE,21,,,
,FV,7890,20260130,20260130,,SC BRICOLAJ MARKET GROUP SRL,,36905400,,,,,,,,,,,,,RON,,,,,,,,,MARFA 2,1,,,82.64,,,,TAXABILE,21,,,
,FV,7890,20260130,20260130,,SC BRICOLAJ MARKET GROUP SRL,,36905400,,,,,,,,,,,,,RON,,,,,,,,,MARFA 2,1,,,44.63,,,,TAXABILE,21,,,
,FV,7890,20260130,20260130,,SC BRICOLAJ MARKET GROUP SRL,,36905400,,,,,,,,,,,,,RON,,,,,,,,,MARFA 2,1,,,352.89,,,,TAXABILE,21,,,
,FV,7890,20260130,20260130,,SC BRICOLAJ MARKET GROUP SRL,,36905400,,,,,,,,,,,,,RON,,,,,,,,,Servicii vandute,1,,,200.0,,,,TAXABILE,21,,,
,FV,7891,20260130,20260130,,SC GENERAL ELITE GROUP SRL,,43378167,,,,,,,,,,,,,RON,,,,,,,,,MARFA 2,1,,,313.22,,,,TAXABILE,21,,,
,FV,7891,20260130,20260130,,SC GENERAL ELITE GROUP SRL,,43378167,,,,,,,,,,,,,RON,,,,,,,,,MARFA 1,1,,,785.12,,,,TAXABILE,21,,,
,FV,7891,20260130,20260130,,SC GENERAL ELITE GROUP SRL,,43378167,,,,,,,,,,,,,RON,,,,,,,,,MARFA 1,1,,,299.17,,,,TAXABILE,21,,,
,FV,7891,20260130,20260130,,SC GENERAL ELITE GROUP SRL,,43378167,,,,,,,,,,,,,RON,,,,,,,,,MARFA 1,1,,,122.31,,,,TAXABILE,21,,,
,FV,7891,20260130,20260130,,SC GENERAL ELITE GROUP SRL,,43378167,,,,,,,,,,,,,RON,,,,,,,,,MARFA 1,1,,,309.09,,,,TAXABILE,21,,,
,FV,7891,20260130,20260130,,SC GENERAL ELITE GROUP SRL,,43378167,,,,,,,,,,,,,RON,,,,,,,,,MARFA 2,1,,,181.82,,,,TAXABILE,21,,,
,FV,7891,20260130,20260130,,SC GENERAL ELITE GROUP SRL,,43378167,,,,,,,,,,,,,RON,,,,,,,,,MARFA 2,1,,,315.7,,,,TAXABILE,21,,,
,FV,7891,20260130,20260130,,SC GENERAL ELITE GROUP SRL,,43378167,,,,,,,,,,,,,RON,,,,,,,,,MARFA 2,1,,,224.79,,,,TAXABILE,21,,,
,FV,7891,20260130,20260130,,SC GENERAL ELITE GROUP SRL,,43378167,,,,,,,,,,,,,RON,,,,,,,,,MARFA 2,1,,,66.12,,,,TAXABILE,21,,,
,FV,7891,20260130,20260130,,SC GENERAL ELITE GROUP SRL,,43378167,,,,,,,,,,,,,RON,,,,,,,,,MARFA 2,1,,,46.28,,,,TAXABILE,21,,,
,FV,7891,20260130,20260130,,SC GENERAL ELITE GROUP SRL,,43378167,,,,,,,,,,,,,RON,,,,,,,,,MARFA 2,1,,,173.55,,,,TAXABILE,21,,,
,FV,7891,20260130,20260130,,SC GENERAL ELITE GROUP SRL,,43378167,,,,,,,,,,,,,RON,,,,,,,,,Servicii vandute,1,,,55.37,,,,TAXABILE,21,,,
,FV,7892,20260130,20260130,,SC ETNA SRL,,982231,,,,,,,,,,,,,RON,,,,,,,,,MARFA 2,1,,,90.91,,,,TAXABILE,21,,,
,FV,7892,20260130,20260130,,SC ETNA SRL,,982231,,,,,,,,,,,,,RON,,,,,,,,,MARFA 2,1,,,90.91,,,,TAXABILE,21,,,
,FV,7892,20260130,20260130,,SC ETNA SRL,,982231,,,,,,,,,,,,,RON,,,,,,,,,MARFA 2,1,,,161.16,,,,TAXABILE,21,,,
,FV,7892,20260130,20260130,,SC ETNA SRL,,982231,,,,,,,,,,,,,RON,,,,,,,,,MARFA 2,1,,,710.74,,,,TAXABILE,21,,,
,FV,7892,20260130,20260130,,SC ETNA SRL,,982231,,,,,,,,,,,,,RON,,,,,,,,,MARFA 2,1,,,287.6,,,,TAXABILE,21,,,
,FV,7892,20260130,20260130,,SC ETNA SRL,,982231,,,,,,,,,,,,,RON,,,,,,,,,MARFA 2,1,,,185.12,,,,TAXABILE,21,,,
,FV,7892,20260130,20260130,,SC ETNA SRL,,982231,,,,,,,,,,,,,RON,,,,,,,,,MARFA 2,1,,,407.44,,,,TAXABILE,21,,,
,FV,7892,20260130,20260130,,SC ETNA SRL,,982231,,,,,,,,,,,,,RON,,,,,,,,,MARFA 2,1,,,533.06,,,,TAXABILE,21,,,
,FV,7892,20260130,20260130,,SC ETNA SRL,,982231,,,,,,,,,,,,,RON,,,,,,,,,MARFA 1,1,,,304.13,,,,TAXABILE,21,,,
,FV,7892,20260130,20260130,,SC ETNA SRL,,982231,,,,,,,,,,,,,RON,,,,,,,,,MARFA 2,1,,,104.13,,,,TAXABILE,21,,,
,FV,7892,20260130,20260130,,SC ETNA SRL,,982231,,,,,,,,,,,,,RON,,,,,,,,,MARFA 2,1,,,112.4,,,,TAXABILE,21,,,
,FV,7892,20260130,20260130,,SC ETNA SRL,,982231,,,,,,,,,,,,,RON,,,,,,,,,MARFA 2,1,,,107.44,,,,TAXABILE,21,,,
,FV,7892,20260130,20260130,,SC ETNA SRL,,982231,,,,,,,,,,,,,RON,,,,,,,,,Servicii vandute,1,,,66.12,,,,TAXABILE,21,,,
,FV,7893,20260130,20260130,,SC WOBINS SRL,,9200070,,,,,,,,,,,,,RON,,,,,,,,,Servicii vandute,1,,,371.9,,,,TAXABILE,21,,,
,FV,7893,20260130,20260130,,SC WOBINS SRL,,9200070,,,,,,,,,,,,,RON,,,,,,,,,Servicii vandute,1,,,99.17,,,,TAXABILE,21,,,
,FV,7894,20260130,20260130,,SC UTIL S.P.C SRL,,1285275,,,,,,,,,,,,,RON,,,,,,,,,MARFA 2,1,,,1268.6,,,,TAXABILE,21,,,
,FV,7894,20260130,20260130,,SC UTIL S.P.C SRL,,1285275,,,,,,,,,,,,,RON,,,,,,,,,MARFA 2,1,,,49.59,,,,TAXABILE,21,,,
,FV,7894,20260130,20260130,,SC UTIL S.P.C SRL,,1285275,,,,,,,,,,,,,RON,,,,,,,,,Servicii vandute,1,,,350.0,,,,TAXABILE,21,,,
